City_ID,City,Country,Date,Lat,Lng,Humidity,Cloudiness,Wind Speed
0,Cap Malheureux,MU,2022-10-29 16:33:52,-19.9842,57.6142,70,5,1.34
1,Cabedelo,BR,2022-10-29 16:33:53,-6.9811,-34.8339,64,58,7.8
2,Kiruna,SE,2022-10-29 16:33:54,67.8557,20.2251,80,100,9.77
3,Cape Town,ZA,2022-10-29 16:33:18,-33.9258,18.4232,69,20,9.26
4,Jamestown,US,2022-10-29 16:30:32,42.097,-79.2353,59,0,3.6
5,Puri,IN,2022-10-29 16:33:54,19.8,85.85,63,4,1.4
6,Port Elizabeth,ZA,2022-10-29 16:33:55,-33.918,25.5701,73,0,4.12
7,Ushuaia,AR,2022-10-29 16:30:21,-54.8,-68.3,93,100,9.26
8,Victoria,HK,2022-10-29 16:29:01,22.2855,114.1577,65,79,5.36
9,Punta Arenas,CL,2022-10-29 16:33:56,-53.15,-70.9167,75,75,16.46
10,Belyy Yar,RU,2022-10-29 16:33:56,53.6039,91.3903,76,0,0.0
11,Cuamba,MZ,2022-10-29 16:33:56,-14.8031,36.5372,49,79,2.76
12,Hithadhoo,MV,2022-10-29 16:33:57,-0.6,73.0833,90,100,7.45
13,Maumee,US,2022-10-29 16:33:57,41.5628,-83.6538,66,0,0.45
14,Dingle,PH,2022-10-29 16:33:57,10.9995,122.6711,90,100,7.99
15,Saint-Philippe,RE,2022-10-29 16:33:58,-21.3585,55.7679,80,42,4.07
16,Casablanca,MA,2022-10-29 16:32:11,33.5928,-7.6192,26,100,3.09
17,Albany,US,2022-10-29 16:24:51,42.6001,-73.9662,55,0,0.62
18,Raudeberg,NO,2022-10-29 16:33:59,61.9875,5.1352,1,97,2.34
19,Joshimath,IN,2022-10-29 16:34:00,30.5667,79.5667,38,2,3.13
20,Arraial Do Cabo,BR,2022-10-29 16:33:43,-22.9661,-42.0278,70,0,6.17
21,Mar Del Plata,AR,2022-10-29 16:34:01,-38.0023,-57.5575,65,75,6.17
22,Mercedes,AR,2022-10-29 16:34:01,-34.6515,-59.4307,25,27,4.55
23,Busselton,AU,2022-10-29 16:30:33,-33.65,115.3333,83,97,8.81
24,Salym,RU,2022-10-29 16:34:02,60.0625,71.4789,80,95,3.07
25,Kansanshi,ZM,2022-10-29 16:34:02,-12.0951,26.4273,39,43,1.11
26,Kirkliston,GB,2022-10-29 16:34:03,55.9536,-3.4029,87,100,4.12
27,Balkhash,KZ,2022-10-29 16:34:04,46.844,74.9804,59,100,5.44
28,Bonfim,BR,2022-10-29 16:34:04,3.0833,-59.95,56,100,1.19
29,Mahon,ES,2022-10-29 16:34:04,39.8885,4.2658,83,20,2.57
30,Dikson,RU,2022-10-29 16:34:05,73.5069,80.5464,84,100,1.34
31,Touros,BR,2022-10-29 16:34:06,-5.1989,-35.4608,57,49,8.47
32,San Francisco,US,2022-10-29 16:31:20,37.7749,-122.4194,84,40,1.79
33,Hermanus,ZA,2022-10-29 16:34:07,-34.4187,19.2345,81,100,3.47
34,Dhule,IN,2022-10-29 16:34:07,20.9,74.7833,43,0,2.59
35,Nizhniy Odes,RU,2022-10-29 16:34:08,63.6445,54.856,98,100,4.26
36,Chuy,UY,2022-10-29 16:34:08,-33.6971,-53.4616,37,4,4.88
37,Warri,NG,2022-10-29 16:34:09,5.5167,5.75,88,94,2.37
38,Bambous Virieux,MU,2022-10-29 16:30:35,-20.3428,57.7575,78,40,1.54
39,Ostrovnoy,RU,2022-10-29 16:34:10,68.0531,39.5131,96,100,9.92
40,Bam,IR,2022-10-29 16:34:11,29.106,58.357,22,0,4.96
41,San Felipe,VE,2022-10-29 16:34:11,10.3399,-68.7425,38,69,1.56
42,Cayenne,GF,2022-10-29 16:34:12,4.9333,-52.3333,94,75,6.17
43,Butembo,CD,2022-10-29 16:34:12,0.15,29.2833,97,90,1.08
44,Carnarvon,AU,2022-10-29 16:34:13,-24.8667,113.6333,67,74,10.72
45,Bermeo,ES,2022-10-29 16:35:28,43.4209,-2.7215,87,100,5.8
46,Am Timan,TD,2022-10-29 16:35:29,11.0297,20.2827,26,81,1.82
47,Qaanaaq,GL,2022-10-29 16:35:29,77.484,-69.3632,68,0,3.84
48,Hobyo,SO,2022-10-29 16:35:29,5.3505,48.5268,74,9,5.04
49,Ponta Do Sol,PT,2022-10-29 16:35:30,32.6667,-17.1,86,100,0.53
50,Nantucket,US,2022-10-29 16:35:30,41.2835,-70.0995,75,20,7.72
51,Iberia,US,2022-10-29 16:31:29,29.9502,-91.7507,88,100,5.14
52,Troy,US,2022-10-29 16:35:31,42.6056,-83.1499,67,1,2.28
53,Torbay,CA,2022-10-29 16:33:13,47.6666,-52.7314,59,20,8.23
54,Maarianhamina,AX,2022-10-29 16:35:31,60.0973,19.9348,62,75,8.23
55,Georgetown,MY,2022-10-29 16:32:22,5.4112,100.3354,94,40,0.0
56,Nizwa,OM,2022-10-29 16:35:32,22.9333,57.5333,38,0,3.56
57,Longyearbyen,SJ,2022-10-29 16:35:32,78.2186,15.6401,68,75,6.17
58,Porto Santo,PT,2022-10-29 16:35:33,33.072,-16.3415,73,40,2.06
59,Rio Grande,BR,2022-10-29 16:35:33,-32.035,-52.0986,48,4,2.57
60,Caravelas,BR,2022-10-29 16:35:34,-17.7125,-39.2481,59,32,5.03
61,Letlhakane,BW,2022-10-29 16:35:34,-21.4167,25.5833,36,27,7.2
62,Faya,SA,2022-10-29 16:35:35,18.3851,42.4509,76,60,1.87
63,Urrao,CO,2022-10-29 16:35:35,6.3152,-76.1342,80,100,1.12
64,Kaya,BF,2022-10-29 16:35:35,13.0917,-1.0844,14,0,2.8
65,Tasiilaq,GL,2022-10-29 16:35:36,65.6145,-37.6368,98,100,7.12
66,Cua,VE,2022-10-29 16:35:36,10.1589,-66.8858,77,91,0.82
67,Kargasok,RU,2022-10-29 16:32:08,59.0556,80.8572,92,13,2.48
68,Los Llanos De Aridane,ES,2022-10-29 16:35:37,28.6585,-17.9182,78,40,3.09
69,Port Alfred,ZA,2022-10-29 16:35:37,-33.5906,26.891,85,99,6.59
70,Santa Maria Da Boa Vista,BR,2022-10-29 16:35:38,-8.8078,-39.8256,28,94,5.11
71,Mehamn,NO,2022-10-29 16:35:38,71.0357,27.8492,93,75,13.89
72,Emba,KZ,2022-10-29 16:35:38,48.8264,58.1442,98,100,4.33
73,Mahibadhoo,MV,2022-10-29 16:35:39,3.7833,72.9667,72,76,3.75
74,Mahebourg,MU,2022-10-29 16:35:39,-20.4081,57.7,78,40,1.54
75,Pangnirtung,CA,2022-10-29 16:35:40,66.1451,-65.7125,50,20,6.17
76,Marquette,US,2022-10-29 16:31:42,46.5333,-87.6335,51,100,4.88
77,Holme,DK,2022-10-29 16:35:40,56.1138,10.1725,84,100,4.13
78,Leh,IN,2022-10-29 16:35:41,34.1667,77.5833,38,0,0.81
79,Oksfjord,NO,2022-10-29 16:35:41,70.2396,22.3479,83,100,10.29
80,Sadon,RU,2022-10-29 16:35:42,42.8518,44.0037,83,97,1.77
81,East London,ZA,2022-10-29 16:35:11,-33.0153,27.9116,78,0,5.14
82,Colesberg,ZA,2022-10-29 16:35:42,-30.72,25.0972,26,100,2.96
83,Richards Bay,ZA,2022-10-29 16:35:43,-28.783,32.0377,64,28,7.61
84,Carutapera,BR,2022-10-29 16:35:43,-1.195,-46.02,55,97,5.96
85,Walvis Bay,NA,2022-10-29 16:35:44,-22.9575,14.5053,72,75,3.6
86,Iqaluit,CA,2022-10-29 16:35:44,63.7506,-68.5145,78,40,2.06
87,Gualaquiza,EC,2022-10-29 16:35:44,-3.4,-78.55,41,91,1.04
88,Paracuru,BR,2022-10-29 16:35:45,-3.41,-39.0306,56,97,8.88
89,Saint-Augustin,CA,2022-10-29 16:35:45,51.226,-58.6502,53,68,10.03
90,Marzuq,YE,2022-10-29 16:35:46,14.4,46.4667,45,77,2.69
91,Salinopolis,BR,2022-10-29 16:34:35,-0.6136,-47.3561,65,99,6.83
92,Bereda,ES,2022-10-29 16:37:02,43.2686,-7.5406,99,100,2.08
93,Souillac,MU,2022-10-29 16:37:02,-20.5167,57.5167,78,40,1.54
94,Japura,ID,2022-10-29 16:37:02,-0.3167,102.35,98,92,0.77
95,Dudinka,RU,2022-10-29 16:32:16,69.4058,86.1778,97,97,0.96
96,Rawson,AR,2022-10-29 16:37:03,-43.3002,-65.1023,18,0,8.75
97,Saint George,US,2022-10-29 16:37:04,37.1041,-113.5841,33,0,0.89
98,Kudahuvadhoo,MV,2022-10-29 16:37:04,2.6708,72.8944,78,74,4.93
99,Bredasdorp,ZA,2022-10-29 16:37:05,-34.5322,20.0403,81,100,4.13
100,Siyabuswa,ZA,2022-10-29 16:37:05,-25.1132,29.0445,39,42,4.06
101,Matagami,CA,2022-10-29 16:37:05,49.7502,-77.6328,62,0,6.17
102,Lagoa,PT,2022-10-29 16:37:06,39.05,-27.9833,63,95,6.28
103,Cockburn Town,TC,2022-10-29 16:37:06,21.4612,-71.1419,74,5,6.89
104,Sisimiut,GL,2022-10-29 16:37:07,66.9395,-53.6735,87,100,2.53
105,Sal Rei,CV,2022-10-29 16:37:07,16.1833,-22.9167,62,75,6.69
106,Khash,IR,2022-10-29 16:37:07,28.2211,61.2158,19,1,1.75
107,Rio De Janeiro,BR,2022-10-29 16:37:08,-22.9028,-43.2075,58,20,7.2
108,Kashi,CN,2022-10-29 16:37:08,39.4547,75.9797,26,14,3.0
109,Zyrardow,PL,2022-10-29 16:37:09,52.0488,20.446,99,91,4.64
110,Ouadda,CF,2022-10-29 16:37:09,8.0777,22.4007,54,100,0.66
111,Ilulissat,GL,2022-10-29 16:37:10,69.2167,-51.1,86,75,3.09
112,Saldanha,ZA,2022-10-29 16:37:10,-33.0117,17.9442,85,100,8.51
113,Zapolyarnyy,RU,2022-10-29 16:37:11,69.4154,30.8136,98,100,8.51
114,Bakuriani,GE,2022-10-29 16:37:11,41.7497,43.5325,88,99,1.25
115,Uruzgan,AF,2022-10-29 16:37:12,32.8333,66.0,23,0,1.07
116,Lubango,AO,2022-10-29 16:37:12,-14.9172,13.4925,68,75,1.54
117,Wukari,NG,2022-10-29 16:37:13,7.85,9.7833,50,85,2.15
118,Cidreira,BR,2022-10-29 16:37:13,-30.1811,-50.2056,64,10,3.09
119,Meulaboh,ID,2022-10-29 16:37:14,4.1363,96.1285,90,100,2.12
120,Grindavik,IS,2022-10-29 16:37:14,63.8424,-22.4338,93,75,2.06
121,Clyde River,CA,2022-10-29 16:37:15,70.4692,-68.5914,79,100,3.09
122,Salinas,US,2022-10-29 16:37:15,36.6777,-121.6555,71,0,2.06
123,Tanout,NE,2022-10-29 16:37:17,14.9709,8.8879,15,47,4.44
124,Sao Filipe,CV,2022-10-29 16:37:17,14.8961,-24.4956,64,100,1.69
125,Atbasar,KZ,2022-10-29 16:37:18,51.8,68.3333,83,100,3.31
126,Cuiaba,BR,2022-10-29 16:33:08,-15.5961,-56.0967,61,0,5.14
127,Huntington,US,2022-10-29 16:37:18,38.4193,-82.4452,55,0,0.89
128,Korla,CN,2022-10-29 16:37:18,41.7597,86.1469,43,8,3.18
129,Borba,BR,2022-10-29 16:37:19,-4.3878,-59.5939,38,100,1.73
130,Leshukonskoye,RU,2022-10-29 16:33:09,64.8989,45.7622,97,100,4.48
131,Whittlesea,ZA,2022-10-29 16:37:20,-32.1759,26.8244,38,98,2.43
132,Jacqueville,CI,2022-10-29 16:37:20,5.2052,-4.4146,81,99,3.82
133,Luderitz,NA,2022-10-29 16:37:21,-26.6481,15.1594,85,48,4.55
134,Mandali,IQ,2022-10-29 16:37:21,33.7499,45.5541,19,100,3.01
135,Castro,BR,2022-10-29 16:37:22,-24.7911,-50.0119,59,100,4.89
136,Hualmay,PE,2022-10-29 16:37:22,-11.0964,-77.6139,68,87,3.92
137,Geraldton,AU,2022-10-29 16:37:22,-28.7667,114.6,77,75,6.69
138,Salekhard,RU,2022-10-29 16:37:23,66.53,66.6019,94,97,3.25
139,Husavik,IS,2022-10-29 16:38:38,66.0449,-17.3389,72,57,2.97
140,Ataco,CO,2022-10-29 16:38:39,3.5915,-75.3818,68,93,1.59
141,Dingli,MT,2022-10-29 16:38:39,35.8614,14.3822,78,20,4.63
142,Roald,NO,2022-10-29 16:38:40,62.5833,6.1333,87,75,2.57
143,Halifax,CA,2022-10-29 16:37:53,44.6453,-63.5724,56,1,2.57
144,Gobabis,NA,2022-10-29 16:38:40,-22.45,18.9667,32,63,11.64
145,Codrington,AU,2022-10-29 16:38:40,-38.2667,141.9667,94,6,2.67
146,Talcahuano,CL,2022-10-29 16:38:41,-36.7167,-73.1167,94,100,5.14
147,Asfi,MA,2022-10-29 16:38:41,32.2994,-9.2372,49,100,2.38
148,Talnakh,RU,2022-10-29 16:38:42,69.4865,88.3972,95,100,3.34
149,Namibe,AO,2022-10-29 16:38:42,-15.1961,12.1522,83,75,0.0
150,Chardara,KZ,2022-10-29 16:38:42,41.2547,67.9692,45,100,2.95
151,Margate,GB,2022-10-29 16:38:43,51.3813,1.3862,75,83,1.34
152,Surt,LY,2022-10-29 16:38:43,31.2089,16.5887,64,7,4.08
153,Vestmannaeyjar,IS,2022-10-29 16:38:44,63.4427,-20.2734,93,40,9.77
154,Novokayakent,RU,2022-10-29 16:38:44,42.3937,47.9861,66,95,4.05
155,Upernavik,GL,2022-10-29 16:38:45,72.7868,-56.1549,67,61,7.61
156,Matara,LK,2022-10-29 16:38:45,5.9485,80.5353,89,100,1.17
157,Minab,IR,2022-10-29 16:38:46,27.1467,57.0801,78,0,0.0
158,Iringa,TZ,2022-10-29 16:38:46,-7.7667,35.7,54,100,5.68
159,Loiza,PR,2022-10-29 16:38:46,18.4313,-65.8802,72,75,7.2
160,Torit,SS,2022-10-29 16:38:47,4.4133,32.5678,61,100,0.74
161,Viedma,AR,2022-10-29 16:38:47,-40.8135,-62.9967,25,55,2.2
162,Neyshabur,IR,2022-10-29 16:38:48,36.2133,58.7958,38,95,3.02
163,Grand Gaube,MU,2022-10-29 16:38:48,-20.0064,57.6608,70,5,1.34
164,San Carlos De Bariloche,AR,2022-10-29 16:38:48,-41.1456,-71.3082,86,75,1.03
165,Basse,DE,2022-10-29 16:38:49,52.5518,9.5069,82,75,2.57
166,Havre-Saint-Pierre,CA,2022-10-29 16:38:49,50.2334,-63.5986,71,0,9.77
167,Karasjok,NO,2022-10-29 16:38:50,69.4719,25.5112,84,100,10.72
168,Oil City,US,2022-10-29 16:35:11,41.4339,-79.7064,59,0,0.0
169,Marsh Harbour,BS,2022-10-29 16:35:37,26.5412,-77.0636,70,24,8.95
170,Bandundu,CD,2022-10-29 16:38:50,-3.3167,17.3667,70,67,1.1
171,Vila Franca Do Campo,PT,2022-10-29 16:38:51,37.7167,-25.4333,58,85,3.01
172,Ribeira Grande,PT,2022-10-29 16:38:51,38.5167,-28.7,68,40,4.63
173,Darnah,LY,2022-10-29 16:38:51,32.767,22.6367,68,13,4.38
174,Taltal,CL,2022-10-29 16:38:24,-25.4,-70.4833,68,22,2.82
175,Puerto Gaitan,CO,2022-10-29 16:39:13,4.3133,-72.0816,62,92,3.38
176,Molepolole,BW,2022-10-29 16:39:14,-24.4066,25.4951,40,25,6.35
177,Surgut,RU,2022-10-29 16:39:14,61.25,73.4167,79,0,4.02
178,Constantine,DZ,2022-10-29 16:39:15,36.365,6.6147,17,0,2.57
179,Hamilton,US,2022-10-29 16:36:07,39.1834,-84.5333,49,0,2.57
180,Adrar,MR,2022-10-29 16:39:15,20.5022,-10.0711,7,24,5.55
181,Klaksvik,FO,2022-10-29 16:39:16,62.2266,-6.589,97,100,7.81
182,Mizdah,LY,2022-10-29 16:39:17,31.4451,12.9801,50,10,4.53
183,Soyo,AO,2022-10-29 16:39:17,-6.1349,12.3689,81,84,4.07
184,Santa Vitoria Do Palmar,BR,2022-10-29 16:39:17,-33.5189,-53.3681,38,2,4.73
185,Atar,MR,2022-10-29 16:39:18,20.5169,-13.0499,6,29,6.61
186,Rovaniemi,FI,2022-10-29 16:39:19,66.5,25.7167,100,100,7.72
187,Pestretsy,RU,2022-10-29 16:39:19,55.7531,49.6545,91,98,6.36
188,Illapel,CL,2022-10-29 16:40:35,-31.6308,-71.1653,31,55,3.88
189,Krasnoselkup,RU,2022-10-29 16:40:35,65.7,82.4667,90,100,8.32
190,Esfahan,IR,2022-10-29 16:38:35,32.6572,51.6776,27,100,3.98
191,Ereymentau,KZ,2022-10-29 16:40:36,51.6199,73.1033,66,100,2.29
192,Maur,IN,2022-10-29 16:40:36,30.0833,75.25,26,0,2.75
193,Sardarshahr,IN,2022-10-29 16:39:34,28.4333,74.4833,18,16,3.77
194,Orocue,CO,2022-10-29 16:40:37,4.7912,-71.3354,78,90,2.34
195,Kyzyl-Suu,KG,2022-10-29 16:40:37,42.3414,78.0056,57,53,3.09
196,Ambanja,MG,2022-10-29 16:40:38,-13.6833,48.45,84,83,1.83
197,Mumford,GH,2022-10-29 16:40:38,5.2618,-0.759,78,77,4.21
198,Bandarbeyla,SO,2022-10-29 16:40:38,9.4942,50.8122,70,34,5.02
199,Narasannapeta,IN,2022-10-29 16:40:39,18.4167,84.05,71,26,2.52
200,Angra Dos Reis,BR,2022-10-29 16:40:39,-23.0067,-44.3181,66,48,1.62
201,Mehran,IR,2022-10-29 16:40:40,33.1222,46.1646,22,98,2.79
202,Qasigiannguit,GL,2022-10-29 16:40:40,68.8193,-51.1922,95,100,1.48
203,Kochki,RU,2022-10-29 16:40:41,54.3358,80.4806,74,77,1.27
204,La Palma,US,2022-10-29 16:40:41,33.8464,-118.0467,78,20,2.06
205,Aripuana,BR,2022-10-29 16:40:42,-9.1667,-60.6333,82,99,0.07
206,Necochea,AR,2022-10-29 16:40:42,-38.5473,-58.7368,52,44,6.22
207,Ziarat,PK,2022-10-29 16:40:43,30.3823,67.7282,25,1,2.33
208,Newcastle,AU,2022-10-29 16:36:23,-32.9272,151.7765,66,75,3.09
209,Praia,CV,2022-10-29 16:40:43,14.9215,-23.5087,18,0,5.66
210,Dwarka,IN,2022-10-29 16:40:44,22.2394,68.9678,61,0,5.41
211,Baijiantan,CN,2022-10-29 16:40:44,45.6333,85.1833,57,80,3.16
212,Caconda,AO,2022-10-29 16:40:44,-13.7333,15.0667,77,89,3.56
213,Atasu,KZ,2022-10-29 16:40:45,48.6814,71.6433,53,93,3.64
214,Paternion,AT,2022-10-29 16:40:45,46.7142,13.6361,81,38,1.58
215,Medea,DZ,2022-10-29 16:40:46,36.2642,2.7539,28,66,1.46
216,Tazovskiy,RU,2022-10-29 16:40:46,67.4667,78.7,90,89,6.47
217,Itupiranga,BR,2022-10-29 16:40:46,-5.1347,-49.3267,38,98,0.23
218,Bhaderwah,IN,2022-10-29 16:40:47,32.9784,75.7186,72,0,0.88
219,Vardo,NO,2022-10-29 16:40:47,70.3705,31.1107,93,100,8.75
220,Sao Felix Do Xingu,BR,2022-10-29 16:40:48,-6.6447,-51.995,39,100,2.11
221,Jalu,LY,2022-10-29 16:40:48,29.0331,21.5482,32,0,4.81
222,Salalah,OM,2022-10-29 16:40:49,17.0151,54.0924,74,40,1.03
223,Beloha,MG,2022-10-29 16:40:49,-25.1667,45.05,77,87,7.62
224,Konibodom,TJ,2022-10-29 16:40:50,40.2843,70.4426,45,73,2.86
225,Skjervoy,NO,2022-10-29 16:40:50,70.0311,20.9714,58,100,13.01
226,Bluffton,US,2022-10-29 16:40:51,32.2371,-80.8604,87,75,6.69
227,Tigzirt,DZ,2022-10-29 16:40:51,36.8886,4.1198,56,91,3.1
228,Lebu,CL,2022-10-29 16:40:52,-37.6167,-73.65,95,100,6.31
229,Biabou,VC,2022-10-29 16:40:52,13.2,-61.1333,89,75,2.06
230,Kedrovyy,RU,2022-10-29 16:40:53,56.1667,91.8167,93,100,4.34
231,Kandalaksha,RU,2022-10-29 16:40:53,67.162,32.4123,99,100,1.25
232,Guaira,BR,2022-10-29 16:40:54,-20.3183,-48.3106,26,45,2.41
233,Proletarskiy,RU,2022-10-29 16:40:54,50.7914,35.7731,82,100,6.29
234,Uaua,BR,2022-10-29 16:42:10,-9.8414,-39.4817,25,100,4.39
235,Marawi,PH,2022-10-29 16:42:10,7.9986,124.2928,93,100,3.49
236,Henties Bay,NA,2022-10-29 16:42:11,-22.116,14.2845,83,32,2.59
237,Seredeyskiy,RU,2022-10-29 16:42:11,54.0507,35.2318,95,100,5.43
238,Alberton,CA,2022-10-29 16:42:12,46.8168,-64.0654,46,1,7.92
239,Novovasylivka,UA,2022-10-29 16:42:13,46.8315,35.7536,72,92,4.08
240,Porto Belo,BR,2022-10-29 16:42:13,-27.1578,-48.5531,81,100,3.06
241,Abu Dhabi,AE,2022-10-29 16:42:14,24.4667,54.3667,71,1,2.57
242,Puspokladany,HU,2022-10-29 16:42:14,47.3167,21.1167,63,97,2.33
243,Kavaratti,IN,2022-10-29 16:42:15,10.5669,72.642,63,2,2.03
244,Puerto Carreno,CO,2022-10-29 16:42:15,6.189,-67.4859,62,20,1.54
245,Kruisfontein,ZA,2022-10-29 16:42:16,-34.0033,24.7314,63,100,2.32
246,Longonjo,AO,2022-10-29 16:42:16,-12.9067,15.2533,91,100,1.12
247,Neuquen,AR,2022-10-29 16:42:17,-38.9516,-68.0591,45,75,2.57
248,Baracoa,CU,2022-10-29 16:42:17,20.3467,-74.4958,65,65,2.99
249,Buchanan,LR,2022-10-29 16:42:18,5.8808,-10.0467,73,50,3.05
250,Vilcun,CL,2022-10-29 16:42:18,-38.65,-72.2333,98,100,4.26
251,Korhogo,CI,2022-10-29 16:42:19,9.45,-5.6333,41,27,1.3
252,Voyinka,UA,2022-10-29 16:42:19,45.8699,33.9914,78,19,3.78
253,Algiers,DZ,2022-10-29 16:40:37,36.7525,3.042,65,20,3.09
254,Brufut,GM,2022-10-29 16:42:20,13.3814,-16.7518,70,0,2.57
255,Freeport,US,2022-10-29 16:39:04,40.6576,-73.5832,62,0,4.63
256,Ghanzi,BW,2022-10-29 16:42:21,-21.5667,21.7833,20,70,3.6
257,Panguma,SL,2022-10-29 16:42:21,8.1833,-11.1333,61,52,0.35
258,Iskateley,RU,2022-10-29 16:42:22,67.6803,53.1512,98,100,7.14
259,Narsaq,GL,2022-10-29 16:42:22,60.9167,-46.05,85,48,2.7
260,Rio Gallegos,AR,2022-10-29 16:42:23,-51.6226,-69.2181,34,75,16.98
261,Strani,CZ,2022-10-29 16:42:23,48.9022,17.7067,95,97,1.12
262,Sekondi,GH,2022-10-29 16:42:24,4.937,-1.7128,80,63,3.96
263,Moose Factory,CA,2022-10-29 16:42:25,51.2585,-80.6094,62,0,7.72
264,Camacha,PT,2022-10-29 16:42:25,33.0833,-16.3333,73,40,2.06
265,Pastavy,BY,2022-10-29 16:42:26,55.1168,26.8326,78,96,7.56
266,Lima,PE,2022-10-29 16:38:48,-12.0432,-77.0282,75,100,4.12
267,San Ramon,US,2022-10-29 16:42:27,37.7799,-121.978,77,0,2.06
268,Puerto Lleras,CO,2022-10-29 16:42:27,3.0223,-73.4044,63,71,2.29
269,Naila,DE,2022-10-29 16:42:28,50.3167,11.7,82,0,1.54
270,Vila Velha,BR,2022-10-29 16:42:28,-20.3297,-40.2925,73,20,8.23
271,Zuwarah,LY,2022-10-29 16:42:29,32.9312,12.082,67,0,4.32
272,Novo Selo,MK,2022-10-29 16:42:29,41.4139,22.8811,46,29,2.01
273,Antofagasta,CL,2022-10-29 16:42:29,-23.65,-70.4,61,24,3.77
274,Florianopolis,BR,2022-10-29 16:42:30,-27.6146,-48.5012,73,20,7.72
275,Pospelikha,RU,2022-10-29 16:42:30,51.95,81.7667,65,39,1.42
276,Letka,RU,2022-10-29 16:42:31,59.6011,49.4232,97,100,3.85
277,Trelew,AR,2022-10-29 16:42:31,-43.249,-65.3051,18,0,8.75
278,Saint-Georges,GD,2022-10-29 16:42:31,12.0564,-61.7485,74,75,7.72
279,Polyarnyy,RU,2022-10-29 16:42:32,69.1989,33.4478,99,100,3.44
280,Port-Gentil,GA,2022-10-29 16:42:32,-0.7193,8.7815,83,75,4.12
281,Cartagena,CO,2022-10-29 16:40:49,10.3997,-75.5144,66,40,2.57
282,Semnan,IR,2022-10-29 16:43:48,35.5729,53.3971,37,40,4.12
283,Gambela,ET,2022-10-29 16:43:48,8.25,34.5833,85,99,1.55
284,Kodinar,IN,2022-10-29 16:43:49,20.7903,70.7031,56,0,2.13
285,Monte Azul,BR,2022-10-29 16:43:49,-15.155,-42.8747,21,55,0.25
286,Eyl,SO,2022-10-29 16:43:50,7.9803,49.8164,77,14,5.46
287,Sur,OM,2022-10-29 16:43:50,22.5667,59.5289,74,0,3.47
288,Almeirim,BR,2022-10-29 16:43:51,-1.5233,-52.5817,32,99,2.51
289,Hambantota,LK,2022-10-29 16:43:51,6.1241,81.1185,72,100,0.71
290,Nanyuki,KE,2022-10-29 16:43:51,0.0167,37.0728,72,99,1.17
291,Sovetskiy,RU,2022-10-29 16:43:52,61.3614,63.5842,85,100,4.25
292,Durazno,UY,2022-10-29 16:42:27,-33.4131,-56.5006,48,20,5.14
293,Torphins,GB,2022-10-29 16:43:52,57.1056,-2.624,87,97,4.36
294,Kolosovka,RU,2022-10-29 16:43:53,56.4678,73.611,97,83,2.72
295,Peterhead,GB,2022-10-29 16:43:53,57.5058,-1.7981,88,93,7.67
296,Mogadishu,SO,2022-10-29 16:39:16,2.0371,45.3438,80,9,5.1
297,San Julian,MX,2022-10-29 16:43:54,21.0167,-102.1667,39,0,2.23
298,Laguna,US,2022-10-29 16:43:54,38.421,-121.4238,67,0,0.0
299,Paamiut,GL,2022-10-29 16:43:54,61.994,-49.6678,83,100,8.14
300,Las Tunas,CU,2022-10-29 16:43:55,20.9617,-76.9511,56,24,4.41
301,Sorland,NO,2022-10-29 16:43:56,67.667,12.6934,60,100,13.07
302,Qeshm,IR,2022-10-29 16:43:56,26.9581,56.2719,70,0,3.36
303,Kindu,CD,2022-10-29 16:43:57,-2.95,25.95,97,88,0.46
304,Mananjary,MG,2022-10-29 16:43:57,-21.2167,48.3333,90,87,2.79
305,Cozumel,MX,2022-10-29 16:43:15,20.5083,-86.9458,77,19,4.92
306,Andra,RU,2022-10-29 16:43:58,62.5147,65.8878,97,99,3.9
307,Shache,CN,2022-10-29 16:43:58,38.4167,77.2406,25,2,2.9
308,Damara,CF,2022-10-29 16:43:59,4.9608,18.7035,81,95,2.38
309,Strezhevoy,RU,2022-10-29 16:43:59,60.7333,77.5889,89,24,2.57
310,Lady Lake,US,2022-10-29 16:39:09,28.9175,-81.9229,84,100,3.09
311,Nuuk,GL,2022-10-29 16:40:44,64.1835,-51.7216,64,75,10.8
312,Kemijarvi,FI,2022-10-29 16:44:00,66.7131,27.4306,96,100,8.06
313,Puerto Del Rosario,ES,2022-10-29 16:44:00,28.5004,-13.8627,78,0,2.06
314,Puerto El Triunfo,SV,2022-10-29 16:44:01,13.2833,-88.55,61,100,2.04
315,Santa Cruz De La Palma,ES,2022-10-29 16:41:54,28.6835,-17.7642,78,75,3.09
316,Assens,DK,2022-10-29 16:44:02,55.2702,9.9008,90,100,2.25
317,Tsiroanomandidy,MG,2022-10-29 16:44:02,-18.7667,46.0333,53,97,4.54
318,Rapar,IN,2022-10-29 16:44:03,23.5667,70.6333,33,0,0.27
319,Kutum,SD,2022-10-29 16:44:03,14.2,24.6667,21,11,4.06
320,Crotone,IT,2022-10-29 16:44:04,39.0851,17.1178,68,0,3.6
321,Kathmandu,NP,2022-10-29 16:39:02,27.7167,85.3167,88,20,1.03
322,Gazojak,TM,2022-10-29 16:44:04,41.1875,61.4036,63,100,4.36
323,Listowel,IE,2022-10-29 16:44:05,52.4464,-9.485,84,53,5.59
324,Taoudenni,ML,2022-10-29 16:44:05,22.6783,-3.9836,7,0,3.52
325,Plouzane,FR,2022-10-29 16:44:06,48.3833,-4.6167,91,100,7.72
326,Rayagada,IN,2022-10-29 16:44:06,19.1667,83.4167,76,5,1.48
327,Les Cayes,HT,2022-10-29 16:44:07,18.2,-73.75,53,100,3.88
328,Jiwani,PK,2022-10-29 16:44:07,25.05,61.7417,71,0,4.11
329,Olavarria,AR,2022-10-29 16:45:23,-36.8927,-60.3225,45,22,5.36
330,Saint-Marc-Des-Carrieres,CA,2022-10-29 16:45:24,46.6834,-72.0491,65,67,1.03
331,Lodja,CD,2022-10-29 16:45:24,-3.4833,23.4333,84,100,1.03
332,Contamana,PE,2022-10-29 16:45:25,-7.3333,-75.0167,61,98,3.01
333,Escanaba,US,2022-10-29 16:42:49,45.7453,-87.0646,82,0,4.12
334,Sept-Iles,CA,2022-10-29 16:42:23,50.2001,-66.3821,71,100,7.2
335,Gilgit,PK,2022-10-29 16:44:40,35.9221,74.3087,43,0,1.49
336,Plettenberg Bay,ZA,2022-10-29 16:45:26,-34.0527,23.3716,72,99,2.72
337,General Pico,AR,2022-10-29 16:45:26,-35.6566,-63.7568,28,19,0.56
338,Komsomolskoye,RU,2022-10-29 16:45:27,55.2567,47.5461,92,100,5.64
339,Tessalit,ML,2022-10-29 16:45:27,20.1986,1.0114,11,0,6.15
340,Axim,GH,2022-10-29 16:45:28,4.8699,-2.2405,76,49,3.44
341,Dogondoutchi,NE,2022-10-29 16:45:28,13.6393,4.0287,17,0,2.8
342,Agadir,MA,2022-10-29 16:45:29,30.4202,-9.5982,24,99,1.74
343,Saint-Pierre,RE,2022-10-29 16:45:29,-21.3393,55.4781,69,100,2.06
344,Bagepalli,IN,2022-10-29 16:45:29,13.7847,77.7931,90,94,3.92
345,Dickson,US,2022-10-29 16:45:30,36.077,-87.3878,60,100,2.57
346,Nalut,LY,2022-10-29 16:45:31,30.3333,10.85,24,0,3.74
347,Sinnamary,GF,2022-10-29 16:45:32,5.3833,-52.95,86,94,5.01
348,Analipsis,GR,2022-10-29 16:45:32,35.3167,25.5667,73,34,5.62
349,Kuryk,KZ,2022-10-29 16:45:33,43.2,51.65,67,87,4.79
350,Catanzaro,IT,2022-10-29 16:45:33,38.8908,16.5987,63,0,1.43
351,Kermanshah,IR,2022-10-29 16:45:34,34.3142,47.065,75,100,3.09
352,Doha,QA,2022-10-29 16:42:20,25.2867,51.5333,60,0,3.09
353,Pedasi,PA,2022-10-29 16:45:34,7.5333,-80.0333,71,26,1.72
354,Umm Kaddadah,SD,2022-10-29 16:45:35,13.6017,26.6876,19,64,5.42
355,Sao Jose Da Coroa Grande,BR,2022-10-29 16:45:35,-8.8978,-35.1478,65,94,4.69
356,Olafsvik,IS,2022-10-29 16:45:35,64.8945,-23.7142,91,88,5.0
357,Mana,GF,2022-10-29 16:45:36,5.6592,-53.7767,79,67,5.91
358,Birjand,IR,2022-10-29 16:45:36,32.8663,59.2211,15,0,3.09
359,Visnes,NO,2022-10-29 16:45:37,59.3556,5.2242,93,20,1.54
360,Sauda,NO,2022-10-29 16:45:37,59.6506,6.3542,89,65,1.28
361,Ihosy,MG,2022-10-29 16:45:38,-22.4,46.1167,78,72,6.09
362,Kuopio,FI,2022-10-29 16:45:38,62.8924,27.677,93,100,7.72
363,Knysna,ZA,2022-10-29 16:45:38,-34.0363,23.0471,74,100,2.49
364,Nanortalik,GL,2022-10-29 16:45:39,60.1432,-45.2371,73,46,3.66
365,Trogir,HR,2022-10-29 16:45:39,43.5125,16.2517,68,0,2.57
366,Esmeralda,CU,2022-10-29 16:45:40,21.8525,-78.1169,54,14,4.44
367,Rivadavia,AR,2022-10-29 16:45:40,-33.1905,-68.4608,19,22,4.11
368,Caucaia,BR,2022-10-29 16:45:41,-3.7361,-38.6531,64,0,10.8
369,Maxixe,MZ,2022-10-29 16:45:41,-23.8597,35.3472,82,86,5.16
370,Lagos,NG,2022-10-29 16:45:42,6.5833,3.75,79,67,2.51
371,Kasongo-Lunda,CD,2022-10-29 16:45:42,-6.4667,16.8167,93,91,0.6
372,Gouyave,GD,2022-10-29 16:45:42,12.1646,-61.7296,74,75,7.72
373,Elat,IL,2022-10-29 16:45:43,29.5581,34.9482,36,0,4.12
374,Porto Novo,BJ,2022-10-29 16:45:43,6.4965,2.6036,74,82,3.35
375,Biloli,IN,2022-10-29 16:45:44,18.7667,77.7333,71,0,2.15
376,Smiltene,LV,2022-10-29 16:45:44,57.4244,25.9016,82,91,6.57
377,Shubarshi,KZ,2022-10-29 16:45:44,48.5872,57.1869,99,100,4.29
378,Razole,IN,2022-10-29 16:47:00,16.4833,81.8333,72,48,1.91
379,Ilawa,PL,2022-10-29 16:47:00,53.596,19.5685,67,95,3.98
380,Cacador,BR,2022-10-29 16:47:01,-26.7753,-51.015,99,100,1.94
381,Trinidad,BO,2022-10-29 16:47:01,-14.8333,-64.9,62,94,3.58
382,Maloyaroslavets,RU,2022-10-29 16:47:02,55.0146,36.4719,96,100,3.74
383,Kaarina,FI,2022-10-29 16:47:02,60.4072,22.369,65,40,7.2
384,Slawno,PL,2022-10-29 16:47:03,54.3628,16.6789,74,100,4.71
385,Saint Anthony,US,2022-10-29 16:47:03,45.0205,-93.218,49,0,5.66
386,Dixon,US,2022-10-29 16:47:04,38.4455,-121.8233,50,0,3.09
387,Yar-Sale,RU,2022-10-29 16:47:04,66.8333,70.8333,88,93,5.46
388,Nouadhibou,MR,2022-10-29 16:47:05,20.931,-17.0347,24,59,3.09
389,Gasa,PS,2022-10-29 16:47:05,31.5,34.4667,66,0,4.69
390,Skole,UA,2022-10-29 16:47:06,49.0372,23.5135,88,100,3.12
391,Coihaique,CL,2022-10-29 16:47:06,-45.5752,-72.0662,53,75,4.12
392,Camana,PE,2022-10-29 16:47:07,-16.6228,-72.7111,67,29,3.85
393,Marsabit,KE,2022-10-29 16:47:07,2.3284,37.9899,51,96,5.81
394,Bodden Town,KY,2022-10-29 16:47:08,19.2833,-81.25,71,20,7.2
395,Charqueadas,BR,2022-10-29 16:47:08,-29.9547,-51.6253,39,33,4.34
396,Pustoshka,RU,2022-10-29 16:47:09,56.3355,29.369,88,100,5.01
397,Dekar,BW,2022-10-29 16:47:09,-21.5333,21.9333,21,78,2.7
398,Olinda,BR,2022-10-29 16:47:10,-8.0089,-34.8553,65,75,5.14
399,Gari,RU,2022-10-29 16:47:10,59.4307,62.3497,96,100,4.1
400,Alappuzha,IN,2022-10-29 16:47:11,9.49,76.3264,75,95,1.45
401,Bokoro,TD,2022-10-29 16:47:11,12.3807,17.0568,17,35,3.53
402,Turukhansk,RU,2022-10-29 16:47:12,65.8167,87.9833,95,100,7.17
403,Monrovia,LR,2022-10-29 16:46:18,6.3005,-10.7969,71,50,3.38
404,Luena,AO,2022-10-29 16:47:12,-11.7833,19.9167,84,73,1.54
405,Hof,DE,2022-10-29 16:47:13,50.3167,11.9167,76,0,1.54
406,Bubaque,GW,2022-10-29 16:47:14,11.2833,-15.8333,72,58,3.47
407,Berlevag,NO,2022-10-29 16:47:14,70.8578,29.0864,87,100,10.29
408,Nsoko,SZ,2022-10-29 16:47:15,-27.0333,31.95,64,11,3.87
409,San Andres,CO,2022-10-29 16:45:36,12.5847,-81.7006,70,20,2.57
410,Kvarkeno,RU,2022-10-29 16:47:15,52.0833,59.725,88,100,2.0
411,Samarkand,UZ,2022-10-29 16:47:16,39.6542,66.9597,77,84,2.06
412,Bathsheba,BB,2022-10-29 16:47:16,13.2167,-59.5167,74,20,7.72
413,Ampanihy,MG,2022-10-29 16:47:17,-24.7,44.75,81,68,7.13
414,Gubskaya,RU,2022-10-29 16:47:17,44.3164,40.6358,77,95,1.15
415,Anloga,GH,2022-10-29 16:47:18,5.7947,0.8973,74,25,4.88
416,Ciudad Bolivar,VE,2022-10-29 16:47:19,8.1222,-63.5497,48,76,4.87
417,Sao Joao Da Barra,BR,2022-10-29 16:47:19,-21.6403,-41.0511,75,49,7.35
418,Kovdor,RU,2022-10-29 16:47:19,67.5662,30.4758,99,100,2.21
419,Lewisburg,US,2022-10-29 16:47:20,35.4492,-86.7889,61,0,2.57
420,Vuktyl,RU,2022-10-29 16:47:23,63.8567,57.3094,97,100,5.52
421,Senekal,ZA,2022-10-29 16:47:24,-28.3197,27.6208,80,71,3.54
422,Harrismith,ZA,2022-10-29 16:47:24,-28.2728,29.1295,68,99,4.06
423,Koryazhma,RU,2022-10-29 16:47:25,61.3143,47.1691,97,100,3.33
424,Ozinki,RU,2022-10-29 16:48:40,51.1786,49.6769,97,100,3.77
425,Bosaso,SO,2022-10-29 16:48:40,11.2842,49.1816,65,5,1.81
426,Alencon,FR,2022-10-29 16:48:41,48.4333,0.0833,76,49,2.98
427,Vohibinany,MG,2022-10-29 16:48:41,-17.35,49.0333,94,60,0.14
428,Dobric,RS,2022-10-29 16:48:42,44.7019,19.5814,57,6,2.0
429,Harsin,IR,2022-10-29 16:48:42,34.2721,47.5861,30,100,1.4
430,Koslan,RU,2022-10-29 16:48:43,63.4564,48.8989,98,100,3.66
431,Nioro,GM,2022-10-29 16:48:43,13.35,-15.75,44,42,0.92
432,Sao Domingos,BR,2022-10-29 16:48:44,-13.3983,-46.3183,39,98,3.35
433,Santiago De Chuco,PE,2022-10-29 16:48:44,-8.15,-78.1833,31,69,1.71
434,Yabrud,SY,2022-10-29 16:48:45,33.9674,36.6574,45,6,0.59
435,Macas,EC,2022-10-29 16:48:45,-2.3167,-78.1167,57,20,1.54
436,Elizabeth City,US,2022-10-29 16:48:28,36.2946,-76.2511,72,100,7.2
437,Maniitsoq,GL,2022-10-29 16:48:46,65.4167,-52.9,69,100,11.32
438,Maralal,KE,2022-10-29 16:48:46,1.0968,36.698,75,72,3.53
439,Nurota,UZ,2022-10-29 16:48:47,40.5614,65.6886,61,100,2.96
440,Ajdabiya,LY,2022-10-29 16:48:47,30.7554,20.2263,62,35,7.2
441,Novyy Urengoy,RU,2022-10-29 16:48:48,66.0833,76.6333,90,60,4.86
442,Mpongwe,ZM,2022-10-29 16:48:48,-13.5091,28.155,32,75,3.74
443,Aden,YE,2022-10-29 16:46:18,12.7794,45.0367,56,57,3.6
444,San Cristobal,VE,2022-10-29 16:48:49,7.7669,-72.225,39,97,1.22
445,Yuzhnyy,RU,2022-10-29 16:48:49,53.2542,83.6936,68,0,2.0
446,Weligama,LK,2022-10-29 16:48:49,5.9667,80.4167,88,100,1.83
447,Chokwe,MZ,2022-10-29 16:48:50,-24.5333,32.9833,65,91,4.27
448,Lanivtsi,UA,2022-10-29 16:48:50,49.8633,26.0908,67,99,6.41
449,Kamuli,UG,2022-10-29 16:48:51,0.9472,33.1197,96,100,1.44
450,Ponta Delgada,PT,2022-10-29 16:48:51,37.7333,-25.6667,55,20,3.6
451,Mayumba,GA,2022-10-29 16:48:51,-3.432,10.6554,83,55,2.8
452,Gornopravdinsk,RU,2022-10-29 16:48:52,60.05,69.9,88,100,3.49
453,Constitucion,CL,2022-10-29 16:48:52,-35.3333,-72.4167,75,6,4.83
454,Banfora,BF,2022-10-29 16:48:53,10.6333,-4.7667,33,18,0.98
455,Las Palmas,ES,2022-10-29 16:48:53,28.4204,-14.0131,78,0,2.06
456,Novyy Svit,UA,2022-10-29 16:48:54,47.8059,38.0211,82,100,3.65
457,Bara,NG,2022-10-29 16:48:54,10.3744,10.7288,28,77,2.13
458,Markala,ML,2022-10-29 16:48:55,13.7021,-6.0659,18,1,3.04
459,Ippy,CF,2022-10-29 16:48:56,6.2679,21.2247,87,100,1.79
460,Karpathos,GR,2022-10-29 16:48:56,35.507,27.2132,72,20,9.77
461,Rawah,IQ,2022-10-29 16:48:57,34.4816,41.9093,26,97,1.45
462,Nola,IT,2022-10-29 16:48:57,40.922,14.5329,71,0,0.73
463,Portobelo,PA,2022-10-29 16:48:57,9.55,-79.65,65,69,2.12
464,Virginia Beach,US,2022-10-29 16:47:57,36.8529,-75.978,73,40,7.72
465,Znamenskoye,RU,2022-10-29 16:48:58,57.1281,73.8282,93,99,2.47
466,Savannah Bight,HN,2022-10-29 16:48:59,16.45,-85.85,70,66,1.45
467,Kondinskoye,RU,2022-10-29 16:48:59,59.6481,67.41,86,99,4.36
468,Itarema,BR,2022-10-29 16:48:59,-2.9248,-39.9167,56,66,9.59
469,Alexandroupoli,GR,2022-10-29 16:49:00,40.8475,25.8744,52,0,0.0
470,Chicama,PE,2022-10-29 16:49:00,-7.8447,-79.1469,57,89,4.33
471,Venado Tuerto,AR,2022-10-29 16:50:16,-33.7456,-61.9688,31,16,6.71
472,Taboshar,TJ,2022-10-29 16:50:17,40.5686,69.6413,44,97,4.09
473,Mocuba,MZ,2022-10-29 16:50:17,-16.8392,36.9856,74,73,3.72
474,Varazze,IT,2022-10-29 16:50:18,44.3595,8.5741,68,8,3.58
475,Wadi,IN,2022-10-29 16:50:18,17.0667,76.9833,67,0,3.74
476,Barcelos,PT,2022-10-29 16:50:19,41.5388,-8.6151,90,100,3.92
477,Protvino,RU,2022-10-29 16:50:20,54.8664,37.2178,95,100,4.44
478,Rondonopolis,BR,2022-10-29 16:50:20,-16.4708,-54.6356,44,83,4.37
479,Oranjemund,NA,2022-10-29 16:50:21,-28.55,16.4333,92,35,3.29
480,Jacarezinho,BR,2022-10-29 16:50:21,-23.1606,-49.9694,42,85,3.54
481,Pisco,PE,2022-10-29 16:50:22,-13.7,-76.2167,77,20,5.14
482,Elliot Lake,CA,2022-10-29 16:50:22,46.3834,-82.6331,59,100,3.91
483,Ndele,CF,2022-10-29 16:50:23,8.4109,20.6473,47,78,0.74
484,Caernarfon,GB,2022-10-29 16:50:24,53.1413,-4.2702,88,100,9.77
485,San Rafael Del Sur,NI,2022-10-29 16:50:24,11.8485,-86.4384,62,87,1.32
486,Thompson,CA,2022-10-29 16:50:25,55.7435,-97.8558,69,20,2.57
487,Idukki,IN,2022-10-29 16:50:26,9.85,76.9667,92,50,0.87
488,Lere,NG,2022-10-29 16:50:26,10.387,8.5726,35,91,2.31
489,Guiratinga,BR,2022-10-29 16:50:27,-16.3494,-53.7583,46,93,5.46
490,Luanda,AO,2022-10-29 16:50:08,-8.8368,13.2343,74,75,5.14
491,Puerto Ayacucho,VE,2022-10-29 16:50:28,5.6639,-67.6236,68,100,2.29
492,Kibala,TD,2022-10-29 16:50:29,9.1104,18.3463,38,0,1.54
493,Boa Vista,BR,2022-10-29 16:48:03,2.8197,-60.6733,51,40,4.63
494,Middle Island,US,2022-10-29 16:50:29,40.8843,-72.9373,70,40,5.14
495,Goderich,CA,2022-10-29 16:50:30,43.7501,-81.7165,62,11,3.6
496,Umea,SE,2022-10-29 16:50:30,63.8284,20.2597,65,15,9.77
497,Palanga,LT,2022-10-29 16:50:31,55.9175,21.0686,88,75,3.6
498,Abdulino,RU,2022-10-29 16:50:31,53.7,53.6667,88,94,3.36
499,Aksu,CN,2022-10-29 16:50:32,41.1231,80.2644,33,7,1.74
500,Caxito,AO,2022-10-29 16:50:32,-8.5785,13.6643,73,53,2.92
501,Deep River,CA,2022-10-29 16:50:32,46.1001,-77.4995,39,63,2.67
502,Nicoya,CR,2022-10-29 16:50:33,10.1483,-85.452,61,83,0.75
503,Takoradi,GH,2022-10-29 16:50:33,4.8845,-1.7554,80,57,4.22
504,Santo Domingo,DO,2022-10-29 16:50:00,18.5001,-69.9886,77,20,3.09
505,Jutai,BR,2022-10-29 16:50:34,-5.1833,-68.9,68,99,1.89
506,Guia De Isora,ES,2022-10-29 16:50:35,28.2115,-16.7795,74,7,0.41
507,Jacareacanga,BR,2022-10-29 16:50:35,-6.2222,-57.7528,30,60,2.35
508,Yanam,IN,2022-10-29 16:50:35,16.7333,82.2167,66,65,1.98
509,Gweta,BW,2022-10-29 16:50:36,-20.1833,25.2333,18,4,5.5
510,Hajipur,IN,2022-10-29 16:50:36,25.6833,85.2167,78,0,0.0
511,Chapais,CA,2022-10-29 16:50:37,49.7834,-74.8492,54,73,6.24
512,Gat,IL,2022-10-29 16:50:37,31.61,34.7642,100,0,3.6
513,Westport,US,2022-10-29 16:46:41,41.1415,-73.3579,56,0,4.63
514,Kuusamo,FI,2022-10-29 16:48:37,65.9667,29.1833,100,100,5.14
515,Comodoro Rivadavia,AR,2022-10-29 16:51:53,-45.8667,-67.5,21,75,6.69
516,Quatre Cocos,MU,2022-10-29 16:51:54,-20.2078,57.7625,77,2,4.57
517,Musoma,TZ,2022-10-29 16:51:54,-1.5,33.8,65,20,6.17
518,Maraa,BR,2022-10-29 16:51:54,-1.8333,-65.3667,84,100,1.32
519,Crnomelj,SI,2022-10-29 16:51:55,45.5711,15.1889,75,13,0.94
520,Riyadh,SA,2022-10-29 16:49:35,24.6877,46.7219,12,8,2.81
521,Grand-Santi,GF,2022-10-29 16:51:55,4.25,-54.3833,86,83,1.95
522,Sao Mateus,BR,2022-10-29 16:51:57,-18.7161,-39.8589,54,10,5.66
523,Bonthe,SL,2022-10-29 16:51:57,7.5264,-12.505,73,67,2.19
524,Ratnagiri,IN,2022-10-29 16:51:58,16.9833,73.3,62,1,3.91
525,Salto De Pirapora,BR,2022-10-29 16:51:58,-23.6489,-47.5733,43,47,3.84
526,Severodvinsk,RU,2022-10-29 16:51:58,64.5635,39.8302,90,100,8.21
527,Patacamaya,BO,2022-10-29 16:51:59,-17.2333,-67.9167,12,20,4.13
528,Rafaela,AR,2022-10-29 16:51:59,-31.2503,-61.4867,25,0,1.34
529,Bonavista,CA,2022-10-29 16:52:00,48.6499,-53.1147,56,2,8.18
530,Kensington,AU,2022-10-29 16:52:01,-33.9167,151.2167,58,0,3.6
531,Maldonado,UY,2022-10-29 16:52:01,-34.6667,-54.9167,58,71,6.56
532,Kemi,FI,2022-10-29 16:52:01,65.8596,24.8228,87,75,8.23
533,Hashtrud,IR,2022-10-29 16:52:02,37.4779,47.0508,70,85,3.51
534,Rocha,UY,2022-10-29 16:49:26,-34.4833,-54.3333,41,56,6.11
535,La Macarena,CO,2022-10-29 16:52:03,2.1837,-73.7849,58,99,1.8
536,Santa Rosa,PH,2022-10-29 16:49:42,14.3122,121.1114,98,100,4.88
537,Marsa Matruh,EG,2022-10-29 16:52:03,31.3525,27.2453,68,0,2.57
538,Ruhengeri,RW,2022-10-29 16:52:04,-1.4998,29.635,90,99,1.0
539,Aliwal North,ZA,2022-10-29 16:52:04,-30.6937,26.7114,55,97,4.78
540,Visegrad,BA,2022-10-29 16:52:05,43.7847,19.2992,64,0,0.65
541,Waddan,LY,2022-10-29 16:52:05,29.1614,16.139,39,15,4.46
542,Yantzaza,EC,2022-10-29 16:52:06,-3.8278,-78.7594,33,93,1.54
543,Yendi,GH,2022-10-29 16:52:06,9.4427,-0.0099,37,3,1.49
544,Hanko,FI,2022-10-29 16:48:07,59.8333,22.95,68,47,16.03
545,Gravdal,NO,2022-10-29 16:52:07,68.1214,13.5031,66,100,12.7
546,Amapa,BR,2022-10-29 16:52:07,1.0,-52.0,67,99,1.97
547,Abu Kamal,SY,2022-10-29 16:52:07,34.4506,40.9171,29,100,0.89
548,Arbuzynka,UA,2022-10-29 16:52:08,47.9097,31.3196,61,69,3.84
549,Muana,BR,2022-10-29 16:52:08,-1.5283,-49.2167,35,98,2.24
550,Karlshamn,SE,2022-10-29 16:52:09,56.1706,14.8619,84,100,5.86
551,Patancheru,IN,2022-10-29 16:52:09,17.5314,78.265,64,4,3.01
552,Mweka,CD,2022-10-29 16:52:10,-4.85,21.5667,97,96,1.12
553,Manyana,BW,2022-10-29 16:52:10,-23.4,21.7167,26,55,4.87
554,Lukovetskiy,RU,2022-10-29 16:52:11,64.2956,41.9211,94,100,5.23
555,Tacna,PE,2022-10-29 16:52:11,-18.0056,-70.2483,59,20,3.6
556,Omboue,GA,2022-10-29 16:52:12,-1.5746,9.2618,80,83,3.34
557,Abha,SA,2022-10-29 16:51:05,18.2164,42.5053,77,0,3.09
558,Kozhva,RU,2022-10-29 16:52:12,65.1073,57.0459,98,100,5.15
559,Varkaus,FI,2022-10-29 16:52:13,62.3153,27.873,81,100,7.75
560,Nkhotakota,MW,2022-10-29 16:52:13,-12.9274,34.2961,52,7,1.02
561,Tiebissou,CI,2022-10-29 16:53:29,7.1574,-5.2257,72,98,1.5
562,Barcelona,ES,2022-10-29 16:53:29,41.3888,2.159,77,20,2.57
563,Santa Helena De Goias,BR,2022-10-29 16:53:30,-17.8136,-50.5969,34,89,3.35
564,Ayagoz,KZ,2022-10-29 16:53:30,47.9714,80.4392,47,98,1.48
565,Tomar Do Geru,BR,2022-10-29 16:53:31,-11.3733,-37.8406,43,95,6.02
566,Djambala,CG,2022-10-29 16:53:31,-2.5447,14.7533,70,82,1.09
567,Sokna,NO,2022-10-29 16:53:31,60.24,9.9235,83,3,1.49
568,Tacuarembo,UY,2022-10-29 16:53:32,-31.7333,-55.9833,43,9,5.35
569,Kabalo,CD,2022-10-29 16:53:32,-6.05,26.9167,82,78,1.77
570,Ravar,IR,2022-10-29 16:53:33,31.2656,56.8055,19,4,2.14
571,Panchagarh,BD,2022-10-29 16:53:33,26.3313,88.562,79,0,1.78
572,Santa Quiteria,BR,2022-10-29 16:53:34,-4.3319,-40.1567,24,81,3.88
573,Floro,NO,2022-10-29 16:53:34,61.5996,5.0328,100,75,6.17
574,Jardim,BR,2022-10-29 16:53:34,-21.4803,-56.1381,44,57,4.23
575,Bud,US,2022-10-29 16:53:35,39.447,-86.1758,51,2,2.97
576,Chimoio,MZ,2022-10-29 16:53:35,-19.1164,33.4833,61,70,2.58
577,Rafai,CF,2022-10-29 16:53:36,4.95,23.9167,92,100,1.15
578,Foumbot,CM,2022-10-29 16:53:36,5.5079,10.6356,87,100,0.71
579,Beloomut,RU,2022-10-29 16:53:37,54.9448,39.3394,93,100,5.46
580,Goure,NE,2022-10-29 16:53:37,13.9835,10.2704,16,82,4.22
581,Marmora,IT,2022-10-29 16:53:38,44.4583,7.094,78,46,0.63
582,Jaguey Grande,CU,2022-10-29 16:53:38,22.5269,-81.1286,41,0,3.71
583,Fort-Shevchenko,KZ,2022-10-29 16:53:38,44.5086,50.263,84,96,5.89
