City_ID,City,Country,Lat,Lng,Max Temp,Humidity,Cloudiness,Wind Speed,Current Description
0,Zhezkazgan,KZ,47.8043,67.7144,39.21800000000009,76,99,3.48,overcast clouds
1,Ushuaia,AR,-54.8,-68.3,44.258,70,40,16.46,scattered clouds
2,Jamestown,US,42.097,-79.2353,64.04000000000002,21,0,2.06,clear sky
3,Soyo,AO,-6.1349,12.3689,78.65600000000003,86,97,3.67,overcast clouds
4,Saint George,US,37.1041,-113.5841,70.95200000000008,20,0,2.06,clear sky
5,Tavda,RU,58.0425,65.2726,26.456000000000028,70,93,4.57,overcast clouds
6,Torbay,CA,47.6666,-52.7314,53.276000000000096,78,75,7.72,broken clouds
7,Cape Town,ZA,-33.9258,18.4232,60.27800000000006,65,20,10.8,few clouds
8,Naryan-Mar,RU,67.6713,53.087,34.25,93,100,6.07,overcast clouds
9,Cap Malheureux,MU,-19.9842,57.6142,73.47200000000004,68,100,2.24,overcast clouds
10,Port Alfred,ZA,-33.5906,26.891,60.188000000000045,96,100,1.79,light rain
11,Kokkola,FI,63.8385,23.1307,42.92600000000009,93,0,1.54,clear sky
12,Natal,BR,-5.795,-35.2094,81.24800000000002,69,0,5.66,clear sky
13,Hermanus,ZA,-34.4187,19.2345,57.794000000000075,54,100,6.07,overcast clouds
14,Tasiilaq,GL,65.6145,-37.6368,37.562000000000054,97,100,10.33,moderate rain
15,Mizdah,LY,31.4451,12.9801,63.64400000000008,73,77,3.95,light rain
16,Upernavik,GL,72.7868,-56.1549,15.404000000000053,66,0,6.56,clear sky
17,Bathsheba,BB,13.2167,-59.5167,86.61200000000005,74,40,4.12,scattered clouds
18,Mar Del Plata,AR,-38.0023,-57.5575,55.940000000000026,55,20,5.66,few clouds
19,Chaupimarca,PE,-10.4333,-76.5333,51.62000000000006,36,79,1.52,broken clouds
20,Victoria,HK,22.2855,114.1577,76.316,59,98,8.94,overcast clouds
21,Hithadhoo,MV,-0.6,73.0833,80.22200000000004,79,97,6.12,light rain
22,Keti Bandar,PK,24.1447,67.4497,79.84400000000008,66,0,4.92,clear sky
23,Picui,BR,-6.5106,-36.3469,79.88000000000005,52,30,8.19,scattered clouds
24,Indiana,US,40.0003,-86.2503,59.93600000000007,90,100,3.6,overcast clouds
25,Mobaye,CF,4.319,21.1786,71.11400000000003,93,79,1.25,light rain
26,Panaba,MX,21.2833,-88.2667,87.674,45,0,6.34,clear sky
27,Busselton,AU,-33.65,115.3333,53.16800000000009,71,84,4.96,broken clouds
28,Vihari,PK,30.0333,72.35,73.058,26,0,1.34,clear sky
29,Melioratorov,RU,57.2107,65.6077,25.178000000000065,93,0,6.0,clear sky
30,Parainen,FI,60.3067,22.301,43.141999999999996,74,32,4.62,scattered clouds
31,Marovoay,MG,-16.1,46.6333,77.25200000000008,77,69,1.92,light rain
32,Punta Arenas,CL,-53.15,-70.9167,50.108000000000004,50,0,14.92,clear sky
33,Atar,MR,20.5169,-13.0499,82.292,13,100,3.05,overcast clouds
34,Undory,RU,54.6085,48.3928,43.84400000000007,82,100,5.57,overcast clouds
35,Longyearbyen,SJ,78.2186,15.6401,28.238000000000046,80,75,0.0,light snow
36,Cidreira,BR,-30.1811,-50.2056,70.89800000000002,95,100,2.24,heavy intensity rain
37,Chuy,UY,-33.6971,-53.4616,57.29000000000002,91,100,8.35,overcast clouds
38,Pangnirtung,CA,66.1451,-65.7125,21.2,73,40,1.54,scattered clouds
39,Tiznit,MA,29.5833,-9.5,75.95600000000003,14,15,2.79,few clouds
40,Say,NE,13.1007,2.3689,86.558,23,0,2.92,clear sky
41,Santo Antonio De Jesus,BR,-12.9689,-39.2614,73.32800000000006,89,19,3.31,few clouds
42,Yar-Sale,RU,66.8333,70.8333,30.11000000000008,93,100,7.49,overcast clouds
43,Minudasht,IR,37.2289,55.3747,53.924000000000014,53,6,1.46,clear sky
44,Saint Anthony,US,45.0205,-93.218,66.93800000000005,46,0,1.54,clear sky
45,Duverge,DO,18.3784,-71.5247,82.45400000000006,75,85,2.68,light rain
46,Brae,GB,60.3964,-1.353,52.934,90,74,7.47,broken clouds
47,Havoysund,NO,70.9963,24.6622,39.43399999999999,85,84,4.12,broken clouds
48,Gat,IL,31.61,34.7642,72.28399999999999,100,2,2.04,clear sky
49,Mangrol,IN,21.1167,70.1167,79.34000000000003,64,0,0.74,clear sky
50,Kruisfontein,ZA,-34.0033,24.7314,59.88200000000002,64,100,6.14,overcast clouds
51,Lebu,CL,-37.6167,-73.65,52.358000000000004,68,0,11.65,clear sky
52,Ponta Do Sol,PT,32.6667,-17.1,72.71600000000001,87,95,2.14,overcast clouds
53,Greece,US,43.2098,-77.6931,66.88399999999999,54,75,2.06,broken clouds
54,Jalu,LY,29.0331,21.5482,66.27200000000005,49,0,3.57,clear sky
55,Nalhati,IN,24.3,87.8167,70.57400000000001,79,0,2.07,clear sky
56,Guajara,BR,-2.9667,-57.6667,95.558,34,66,2.48,broken clouds
57,Huarmey,PE,-10.0681,-78.1522,67.11800000000008,74,34,4.82,scattered clouds
58,Lagoa,PT,39.05,-27.9833,61.62800000000007,57,99,6.8,overcast clouds
59,Bubaque,GW,11.2833,-15.8333,82.25600000000003,79,0,3.91,clear sky
60,Goderich,CA,43.7501,-81.7165,58.91000000000008,67,86,2.06,overcast clouds
61,Riberalta,BO,-10.9833,-66.1,93.39800000000002,52,75,2.57,broken clouds
62,Dikson,RU,73.5069,80.5464,25.196000000000048,95,100,11.65,light snow
63,Raudeberg,NO,61.9875,5.1352,55.86800000000009,58,100,7.13,overcast clouds
64,Encruzilhada Do Sul,BR,-30.5439,-52.5219,70.26800000000009,90,100,3.27,light rain
65,Lincoln,US,40.8,-96.667,66.29000000000002,42,100,1.34,overcast clouds
66,Diamantino,BR,-14.4086,-56.4461,80.45600000000003,70,87,2.46,overcast clouds
67,Saldanha,ZA,-33.0117,17.9442,59.05400000000006,69,0,12.17,clear sky
68,Aripuana,BR,-9.1667,-60.6333,82.36400000000003,67,99,1.29,overcast clouds
69,Dingle,PH,10.9995,122.6711,75.56000000000009,93,100,3.67,overcast clouds
70,Glazov,RU,58.1394,52.6584,36.248000000000026,99,100,4.23,light rain
71,Tevriz,RU,57.509,72.4042,20.641999999999996,97,37,2.08,scattered clouds
72,Vila Franca Do Campo,PT,37.7167,-25.4333,61.214000000000034,69,95,7.57,overcast clouds
73,Qaanaaq,GL,77.484,-69.3632,-6.321999999999939,77,11,3.44,few clouds
74,Halifax,CA,44.6453,-63.5724,62.492,59,0,5.66,clear sky
75,Itarema,BR,-2.9248,-39.9167,80.13200000000002,66,3,7.21,clear sky
76,Ancud,CL,-41.8697,-73.8203,52.17800000000007,57,55,2.6,broken clouds
77,Aksarka,RU,66.5606,67.7975,30.14600000000005,94,100,6.88,overcast clouds
78,Monrovia,LR,6.3005,-10.7969,78.96200000000006,83,54,2.6,light rain
79,Berlevag,NO,70.8578,29.0864,39.2,65,100,11.32,overcast clouds
80,Klaksvik,FO,62.2266,-6.589,50.91800000000009,88,94,11.92,overcast clouds
81,Rumilly,FR,45.8667,5.95,59.19800000000002,92,0,1.54,clear sky
82,San Juan,AR,-31.5375,-68.5364,62.042,17,1,11.5,clear sky
83,Bredasdorp,ZA,-34.5322,20.0403,58.92800000000007,50,100,3.36,overcast clouds
84,Monastyrshchina,RU,54.3496,31.838,38.102000000000075,68,89,7.6,overcast clouds
85,Wattegama,LK,6.7989,81.4808,74.33600000000007,92,100,1.12,overcast clouds
86,Camacha,PT,33.0833,-16.3333,67.424,83,20,1.54,few clouds
87,Cheremshan,RU,54.6667,51.5,42.15200000000008,97,100,5.76,overcast clouds
88,Osorno,CL,-40.5667,-73.15,57.50600000000003,51,40,5.66,scattered clouds
89,Mercedes,AR,-34.6515,-59.4307,60.044000000000075,37,83,8.0,broken clouds
90,Nadym,RU,65.5333,72.5167,24.260000000000083,91,98,7.38,overcast clouds
91,Constitucion,CL,-35.3333,-72.4167,59.55800000000001,46,0,11.05,clear sky
92,Korla,CN,41.7597,86.1469,45.48200000000001,41,100,1.21,overcast clouds
93,Choma,ZM,-16.8065,26.9531,73.23800000000006,38,28,1.32,scattered clouds
94,Strezhevoy,RU,60.7333,77.5889,23.57600000000009,96,93,3.18,overcast clouds
95,Olafsvik,IS,64.8945,-23.7142,39.65,90,100,6.48,overcast clouds
96,Muros,ES,42.7762,-9.0603,60.15200000000008,93,100,3.28,overcast clouds
97,East London,ZA,-33.0153,27.9116,64.20200000000008,83,99,8.41,light rain
98,Sinnamary,GF,5.3833,-52.95,80.34800000000003,85,100,3.43,light rain
99,Iracoubo,GF,5.4802,-53.2011,80.31200000000007,84,100,3.59,light rain
100,Arraial Do Cabo,BR,-22.9661,-42.0278,84.16400000000004,69,75,5.66,broken clouds
101,Okakarara,NA,-20.5833,17.4333,78.08000000000004,34,98,4.77,overcast clouds
102,Lakefield,US,43.6775,-95.1717,62.94199999999999,37,0,2.57,clear sky
103,Archidona,ES,37.0965,-4.3887,62.40200000000008,70,26,2.39,scattered clouds
104,Grindavik,IS,63.8424,-22.4338,42.74600000000005,93,100,5.14,moderate rain
105,Sioux Lookout,CA,50.1001,-91.917,51.87200000000004,25,20,4.63,few clouds
106,Mandera,KE,3.9366,41.867,80.42000000000007,67,37,4.37,scattered clouds
107,Monte Patria,CL,-30.6919,-70.9467,73.43600000000006,43,5,3.56,clear sky
108,Chepareria,KE,1.3077,35.2039,60.908,81,41,1.83,scattered clouds
109,Bolgatanga,GH,10.7856,-0.8514,81.98600000000008,32,0,0.81,clear sky
110,Aleksandrow Lodzki,PL,51.8196,19.3038,55.16600000000001,96,90,1.03,fog
111,Luderitz,NA,-26.6481,15.1594,62.492,67,62,7.72,broken clouds
112,Port Elizabeth,ZA,-33.918,25.5701,63.320000000000064,72,20,7.72,few clouds
113,Saint-Philippe,RE,-21.3585,55.7679,71.18600000000006,82,46,5.97,light rain
114,Tutoia,BR,-2.7619,-42.2744,81.01400000000004,69,9,8.55,clear sky
115,Trondheim,NO,63.4305,10.3951,44.69000000000002,97,70,2.82,broken clouds
116,Thessalon,CA,46.2501,-83.5666,55.688000000000045,63,100,2.49,overcast clouds
117,Sisimiut,GL,66.9395,-53.6735,22.04600000000005,82,60,3.55,broken clouds
118,Castro,BR,-24.7911,-50.0119,69.27800000000008,87,100,3.69,overcast clouds
119,Clyde River,CA,70.4692,-68.5914,5.233999999999991,78,75,2.06,broken clouds
120,Arenapolis,BR,-14.4503,-56.8461,87.458,53,82,3.0,broken clouds
121,Gornopravdinsk,RU,60.05,69.9,26.798000000000023,68,99,4.05,overcast clouds
122,Ciudad Bolivar,VE,8.1222,-63.5497,77.54000000000002,83,100,3.25,overcast clouds
123,Santa Isabel Do Rio Negro,BR,-0.4139,-65.0192,84.36200000000005,69,100,0.24,overcast clouds
124,Shimoni,KE,-4.6476,39.3817,76.76600000000002,86,100,2.43,overcast clouds
125,Oussouye,SN,12.485,-16.5469,80.6,77,4,2.6,clear sky
126,Urucara,BR,-2.5364,-57.76,94.11800000000008,36,99,2.07,overcast clouds
127,Beroroha,MG,-21.6667,45.1667,77.46800000000009,59,45,3.05,light rain
128,Bambous Virieux,MU,-20.3428,57.7575,73.65200000000007,78,40,4.63,scattered clouds
129,Wamba,NG,8.9333,8.6,74.37200000000004,48,90,1.62,overcast clouds
130,Mahebourg,MU,-20.4081,57.7,73.68800000000005,78,40,4.63,scattered clouds
131,Codrington,AU,-38.2667,141.9667,52.88000000000004,92,100,6.02,overcast clouds
132,Zaysan,KZ,47.4667,84.8667,40.694000000000074,59,100,1.27,overcast clouds
133,Cayenne,GF,4.9333,-52.3333,80.63600000000008,89,100,0.0,moderate rain
134,Souillac,MU,-20.5167,57.5167,73.77800000000008,78,40,4.63,scattered clouds
135,Nalut,LY,30.3333,10.85,64.77800000000008,46,0,5.52,clear sky
136,Mgandu,TZ,-5.95,34.1333,70.37600000000009,41,100,4.87,overcast clouds
137,Taoudenni,ML,22.6783,-3.9836,84.48800000000006,11,100,4.28,overcast clouds
138,Namibe,AO,-15.1961,12.1522,71.40200000000007,77,13,1.17,few clouds
139,Ostrovnoy,RU,68.0531,39.5131,38.714000000000034,72,100,10.62,overcast clouds
140,Nantucket,US,41.2835,-70.0995,64.54400000000007,83,0,0.0,clear sky
141,Nkhotakota,MW,-12.9274,34.2961,78.47600000000008,60,7,2.34,clear sky
142,Kayerkan,RU,69.3497,87.7602,19.52600000000009,100,100,6.94,light snow
143,Grand-Santi,GF,4.25,-54.3833,80.816,75,100,1.22,overcast clouds
144,Sauda,NO,59.6506,6.3542,54.68000000000004,93,100,2.57,light rain
145,Vieques,PR,18.425,-65.8329,78.83600000000007,87,100,3.1,light rain
146,Erice,IT,38.037,12.5865,59.46800000000009,94,0,1.03,clear sky
147,Pitimbu,BR,-7.4706,-34.8086,81.19400000000007,74,79,5.18,broken clouds
148,Los Llanos De Aridane,ES,28.6585,-17.9182,70.12400000000002,79,75,4.12,broken clouds
149,Margate,GB,51.3813,1.3862,60.908,90,56,1.34,broken clouds
150,Comodoro Rivadavia,AR,-45.8667,-67.5,57.056000000000026,26,20,5.66,few clouds
151,Loiza,PR,18.4313,-65.8802,78.80000000000001,92,100,2.91,light rain
152,Grand Gaube,MU,-20.0064,57.6608,73.79600000000005,68,100,2.24,overcast clouds
153,Irbit,RU,57.6705,63.071,29.804000000000052,56,100,5.53,overcast clouds
154,Abalak,RU,58.1286,68.5944,26.15,68,100,3.91,overcast clouds
155,Mogadishu,SO,2.0371,45.3438,78.76400000000004,80,6,4.08,light rain
156,Esna,EG,25.2934,32.554,75.21800000000009,41,74,3.95,broken clouds
157,Narsaq,GL,60.9167,-46.05,13.154000000000053,73,91,3.01,overcast clouds
158,Fochville,ZA,-26.4886,27.4939,66.63200000000002,60,100,2.51,light rain
159,Miedzychod,PL,52.5988,15.897,53.38399999999999,81,17,1.22,few clouds
160,Marsa Matruh,EG,31.3525,27.2453,68.19800000000004,68,0,2.06,clear sky
161,Pedernales,DO,18.0384,-71.744,84.50600000000003,65,85,6.23,overcast clouds
162,Touros,BR,-5.1989,-35.4608,78.08000000000004,72,15,5.58,few clouds
163,Beira,MZ,-19.8436,34.8389,76.73000000000005,81,0,3.59,clear sky
164,Catamarca,AR,-28.4696,-65.7852,73.77800000000008,27,0,3.58,clear sky
165,Springbok,ZA,-29.6643,17.8865,55.148000000000025,63,40,2.59,scattered clouds
166,Necochea,AR,-38.5473,-58.7368,50.648000000000025,66,25,9.98,scattered clouds
167,Moussoro,TD,13.6408,16.4901,85.65800000000002,15,98,6.43,overcast clouds
168,Nanortalik,GL,60.1432,-45.2371,25.86200000000006,69,98,4.59,overcast clouds
169,Anori,BR,-3.7728,-61.6442,91.41800000000009,49,100,0.72,light rain
170,Ribeira Grande,PT,38.5167,-28.7,60.78200000000002,58,20,4.47,few clouds
171,Safranbolu,TR,41.2508,32.6942,47.570000000000064,68,0,0.55,clear sky
172,Ornes,NO,66.8689,13.7078,39.30800000000001,73,100,2.95,overcast clouds
173,Normandin,CA,48.8333,-72.5321,61.10600000000003,41,9,5.14,clear sky
174,Sao Filipe,CV,14.8961,-24.4956,79.89800000000002,72,60,3.73,broken clouds
175,Samfya,ZM,-11.3649,29.5565,77.43200000000002,43,89,2.3,overcast clouds
176,Soligalich,RU,59.0778,42.2864,31.946000000000048,88,90,3.46,overcast clouds
177,Kidal,ML,18.4411,1.4078,76.83800000000005,16,0,4.89,clear sky
178,Verrettes,HT,19.05,-72.4667,82.56200000000007,74,78,1.37,moderate rain
179,Hualmay,PE,-11.0964,-77.6139,66.12800000000007,74,17,4.77,few clouds
180,Sao Joao Da Barra,BR,-21.6403,-41.0511,77.09000000000003,89,96,11.3,overcast clouds
181,Quatre Cocos,MU,-20.2078,57.7625,73.50800000000001,79,100,6.28,overcast clouds
182,Tahta,EG,26.7693,31.5021,71.09600000000006,37,0,3.1,clear sky
183,Diepenbeek,BE,50.9078,5.4221,60.656000000000034,55,99,2.08,overcast clouds
184,Araouane,ML,18.9048,-3.5265,78.44000000000003,15,10,4.1,clear sky
185,Betare Oya,CM,5.6,14.0833,69.85400000000006,80,66,1.51,broken clouds
186,Chiplun,IN,17.5333,73.5167,68.0,62,0,1.69,clear sky
187,Lodeynoye Pole,RU,60.726,33.5531,33.15200000000008,73,100,7.32,overcast clouds
188,Hobyo,SO,5.3505,48.5268,79.41200000000006,75,19,4.3,few clouds
189,Harper,LR,4.375,-7.7169,77.82800000000006,88,73,3.28,light rain
190,Usakos,NA,-22.0,15.6,73.65200000000007,28,62,2.78,broken clouds
191,Safaga,EG,26.7292,33.9365,77.37800000000007,51,45,4.75,scattered clouds
192,Arzgir,RU,45.3728,44.2206,54.518000000000086,74,100,7.78,overcast clouds
193,Palm Coast,US,29.585,-81.2078,81.10400000000006,82,4,0.45,clear sky
194,Puerto Castilla,HN,16.0167,-85.9667,82.34600000000006,78,75,0.0,broken clouds
195,Mount Pleasant,US,32.7941,-79.8626,65.174,95,75,3.13,broken clouds
196,Kumo,NG,10.0447,11.2122,79.61000000000008,29,66,3.32,broken clouds
197,Georgetown,MY,5.4112,100.3354,77.95400000000006,98,20,5.14,heavy intensity rain
198,Pisco,PE,-13.7,-76.2167,67.01000000000008,72,8,4.12,haze
199,Dakar,SN,14.6937,-17.4441,81.48200000000003,77,94,2.98,overcast clouds
200,Rundu,NA,-17.9333,19.7667,72.75200000000008,55,100,1.65,overcast clouds
201,Areia Branca,BR,-4.9561,-37.1369,87.99800000000002,72,47,10.22,scattered clouds
202,Romanovka,RU,51.7443,42.7527,46.61600000000001,76,100,6.85,overcast clouds
203,Reconquista,AR,-29.15,-59.65,62.79800000000003,62,100,11.44,overcast clouds
204,San Pedro,PH,14.35,121.0167,79.32200000000003,89,100,3.6,overcast clouds
205,Emborion,GR,40.4833,21.55,53.96000000000008,65,0,1.28,clear sky
206,Carlos Antonio Lopez,PY,-26.4,-54.7667,74.984,92,65,0.16,broken clouds
207,Teguise,ES,29.0605,-13.564,71.816,83,0,1.54,clear sky
208,Salinas,US,36.6777,-121.6555,80.00600000000003,63,0,3.28,clear sky
209,Nizhniy Baskunchak,RU,48.2198,46.8311,50.66600000000001,90,66,8.36,broken clouds
210,Coreau,BR,-3.5333,-40.6567,87.40400000000005,36,2,4.59,clear sky
211,Bagamoyo,TZ,-6.4333,38.9,76.98200000000003,91,92,2.73,overcast clouds
212,Ilulissat,GL,69.2167,-51.1,6.548000000000023,76,36,2.51,scattered clouds
213,Rawatsar,IN,29.2833,74.3833,75.97400000000002,26,0,2.16,clear sky
214,Husavik,IS,66.0449,-17.3389,40.694000000000074,94,98,3.82,overcast clouds
215,Iranshahr,IR,27.2025,60.6848,71.94200000000001,23,0,0.0,clear sky
216,Iqaluit,CA,63.7506,-68.5145,29.930000000000042,92,100,3.09,light snow
217,Tres Arroyos,AR,-38.3739,-60.2798,52.070000000000064,48,61,8.66,broken clouds
218,Menongue,AO,-14.6585,17.691,62.81600000000001,92,100,1.38,overcast clouds
219,Olinda,BR,-8.0089,-34.8553,80.33000000000004,69,40,2.06,scattered clouds
220,Rabo De Peixe,PT,37.8,-25.5833,60.314000000000036,96,40,9.26,scattered clouds
221,Robertsport,LR,6.7533,-11.3686,79.73600000000008,81,6,2.31,light rain
222,Biharamulo,TZ,-2.6319,31.3089,65.78600000000007,69,100,1.07,overcast clouds
223,San Cristobal,VE,7.7669,-72.225,77.18000000000004,58,99,0.41,overcast clouds
224,Iralaya,HN,15.0,-83.2333,84.07400000000001,65,12,4.53,few clouds
225,Bajil,YE,15.0584,43.2851,83.04800000000003,53,89,1.31,overcast clouds
226,Funadhoo,MV,6.15,73.2667,80.6,72,53,3.83,broken clouds
227,Matagami,CA,49.7502,-77.6328,57.30800000000001,47,20,3.6,few clouds
228,El Tigre,VE,8.8875,-64.2454,77.12600000000009,80,100,4.3,overcast clouds
229,Lebork,PL,54.5392,17.7501,47.75,80,20,1.7,few clouds
230,Presidencia Roque Saenz Pena,AR,-26.7852,-60.4388,72.86000000000008,56,98,9.36,overcast clouds
231,Murgab,TM,37.4966,61.9714,53.47400000000002,76,40,2.06,scattered clouds
232,Dekar,BW,-21.5333,21.9333,74.71400000000003,47,100,1.79,light rain
233,Ibiapina,BR,-3.9233,-40.8894,78.80000000000001,35,7,2.12,clear sky
234,Port Shepstone,ZA,-30.7414,30.455,66.25400000000005,70,100,8.02,light rain
235,Vysha,RU,53.8477,42.3777,35.42000000000006,66,66,5.05,broken clouds
236,Rio Grande,BR,-32.035,-52.0986,75.308,95,100,13.12,very heavy rain
237,Akhalgori,GE,42.126,44.4833,43.682000000000016,61,3,1.87,clear sky
238,Barranca,PE,-10.75,-77.7667,64.27400000000002,76,18,4.46,few clouds
239,Jales,BR,-20.2689,-50.5458,84.308,48,75,2.82,broken clouds
240,Camana,PE,-16.6228,-72.7111,65.84000000000003,70,0,3.18,clear sky
241,Kirillov,RU,59.863,38.3813,31.028000000000066,95,100,5.98,light snow
242,Aras,ES,42.5617,-2.356,54.75200000000008,94,20,0.51,mist
243,Quelimane,MZ,-17.8786,36.8883,75.90200000000007,83,0,2.69,clear sky
244,Koungou,YT,-12.7336,45.2042,78.51200000000006,78,100,5.66,overcast clouds
245,Rumuruti,KE,0.267,36.5389,59.61200000000006,83,10,3.09,clear sky
246,Torrington,US,41.8007,-73.1212,64.58000000000004,52,40,1.92,scattered clouds
247,Nyagan,RU,62.1406,65.3936,28.11200000000006,68,98,4.48,overcast clouds
248,Carutapera,BR,-1.195,-46.02,80.06000000000009,74,88,4.77,overcast clouds
249,Alhandra,BR,-7.4386,-34.9144,80.816,76,77,4.24,broken clouds
250,Misratah,LY,32.3754,15.0925,71.51000000000008,57,6,4.43,clear sky
251,Altay,CN,47.8667,88.1167,37.61600000000001,30,100,1.43,overcast clouds
252,Mana,GF,5.6592,-53.7767,79.592,87,100,2.92,overcast clouds
253,Matadi,CD,-5.8167,13.45,77.97200000000004,91,61,1.4,broken clouds
254,Ampanihy,MG,-24.7,44.75,78.06200000000007,51,1,4.26,clear sky
255,Paamiut,GL,61.994,-49.6678,28.65200000000008,62,100,3.38,overcast clouds
256,Richards Bay,ZA,-28.783,32.0377,72.48200000000003,84,100,6.85,light rain
257,Kyabe,TD,9.4515,18.9449,79.68200000000002,42,13,0.64,few clouds
258,Moose Factory,CA,51.2585,-80.6094,60.8,51,20,7.2,few clouds
259,Vila Velha,BR,-20.3297,-40.2925,78.74600000000005,87,40,8.75,scattered clouds
260,Talcahuano,CL,-36.7167,-73.1167,60.47600000000009,51,0,9.77,clear sky
261,Buchanan,LR,5.8808,-10.0467,78.38600000000008,87,100,2.87,light rain
262,Petroussa,GR,41.2,24.0167,59.75600000000003,45,0,2.01,clear sky
263,Faya,SA,18.3851,42.4509,60.908,36,97,2.81,overcast clouds
264,Kashirskoye,RU,51.4194,39.6125,46.11200000000006,70,100,8.16,light rain
265,Aguimes,ES,27.9054,-15.4461,70.66400000000004,83,20,7.2,few clouds
266,Asfi,MA,32.2994,-9.2372,73.77800000000008,39,6,1.6,clear sky
267,Taltal,CL,-25.4,-70.4833,61.98800000000004,69,23,1.1,few clouds
268,Cangucu,BR,-31.395,-52.6756,70.808,97,100,5.6,heavy intensity rain
269,Sosnovo,RU,60.5514,30.2144,34.17800000000007,59,5,6.35,clear sky
270,Buduslau,RO,47.4,22.2667,53.978000000000065,78,20,1.35,few clouds
271,Meulaboh,ID,4.1363,96.1285,74.73200000000003,93,100,2.66,heavy intensity rain
272,Sao Desiderio,BR,-12.3633,-44.9733,78.20600000000003,66,99,3.98,overcast clouds
273,Pirogovo,RU,56.7796,53.1495,37.65200000000008,96,100,5.39,overcast clouds
274,Magomeni,TZ,-6.8,39.25,77.37800000000007,88,20,3.6,few clouds
275,Lokosovo,RU,61.1333,74.8167,24.944000000000074,89,95,3.64,overcast clouds
276,La Asuncion,VE,11.0333,-63.8628,76.76600000000002,83,100,2.83,overcast clouds
277,Vardo,NO,70.3705,31.1107,35.582000000000015,80,75,9.77,broken clouds
278,Dunmore East,IE,52.1514,-6.9861,57.992,81,40,8.23,scattered clouds
279,Kulhudhuffushi,MV,6.6221,73.07,80.51000000000008,69,10,3.69,clear sky
280,Mehamn,NO,71.0357,27.8492,39.14600000000005,60,100,9.77,overcast clouds
281,Englewood,US,39.6478,-104.9878,62.11400000000003,20,100,0.89,overcast clouds
282,Igrim,RU,63.1906,64.4162,29.24600000000005,76,96,4.57,overcast clouds
283,Kondinskoye,RU,59.6481,67.41,27.01400000000003,67,100,5.6,overcast clouds
284,Kathmandu,NP,27.7167,85.3167,57.41600000000001,88,20,1.03,few clouds
285,Kutum,SD,14.2,24.6667,73.70600000000003,28,15,5.33,few clouds
286,Vestmannaeyjar,IS,63.4427,-20.2734,46.346000000000046,94,100,1.29,light rain
287,Tahoua,NE,14.8888,5.2692,78.63800000000005,13,0,5.2,clear sky
288,Nzega,RW,-2.479,29.5564,59.86400000000003,79,100,1.48,overcast clouds
289,Aswan,EG,24.0934,32.907,76.29800000000003,33,0,2.06,clear sky
290,Ormara,PK,25.2088,64.6357,78.80000000000001,71,1,4.75,clear sky
291,Saint-Pierre,RE,-21.3393,55.4781,73.90400000000005,78,0,2.06,clear sky
292,Selizharovo,RU,56.8519,33.4487,32.306000000000026,66,53,6.49,broken clouds
293,Alenquer,BR,-1.9417,-54.7383,89.15,44,100,1.73,overcast clouds
294,Pirgos,GR,35.1167,25.7178,65.62400000000002,63,8,3.55,clear sky
295,Svetlogorsk,BY,52.6333,29.7333,48.038000000000046,73,100,6.37,overcast clouds
296,Hamilton,US,39.1834,-84.5333,60.58399999999999,93,100,3.6,moderate rain
297,Viedma,AR,-40.8135,-62.9967,51.13399999999999,46,67,10.58,broken clouds
298,Qaqortoq,GL,60.7167,-46.0333,17.222000000000037,75,100,2.47,overcast clouds
299,Mecca,SA,21.4267,39.8261,81.71600000000001,65,53,1.9,broken clouds
300,Beloha,MG,-25.1667,45.05,75.00200000000008,59,2,5.26,clear sky
301,Japura,ID,-0.3167,102.35,73.34600000000006,99,100,1.18,light rain
302,Robertson,US,36.5167,-86.8667,65.39000000000001,91,100,4.63,overcast clouds
303,Yining,CN,29.0361,114.5636,54.21200000000006,89,0,0.98,clear sky
304,Sao Felix Do Xingu,BR,-6.6447,-51.995,82.86800000000008,64,76,0.45,broken clouds
305,Rio Pomba,BR,-21.2747,-43.1792,79.73600000000008,67,65,1.32,broken clouds
306,Agadez,NE,19.75,10.25,69.99800000000002,23,0,5.27,clear sky
307,Itapirapua,BR,-15.8233,-50.6133,88.44800000000004,40,57,3.18,broken clouds
308,Nhamunda,BR,-2.1861,-56.7131,91.958,39,100,1.82,overcast clouds
309,Solec Kujawski,PL,53.0837,18.2257,51.87200000000004,99,100,2.06,fog
310,Dorado,PR,18.4588,-66.2677,78.18800000000005,96,100,3.41,light rain
311,Chesma,RU,53.8111,60.6533,30.74000000000002,68,84,6.71,broken clouds
312,Sonneberg,DE,50.35,11.1667,61.556000000000026,99,94,1.06,overcast clouds
313,Pilane,BW,-24.45,26.1333,73.958,42,99,1.33,overcast clouds
314,Antofagasta,CL,-23.65,-70.4,63.68000000000004,64,0,2.61,clear sky
315,Azuaga,ES,38.2667,-5.6833,64.958,64,17,1.57,few clouds
316,Maues,BR,-3.3836,-57.7186,96.51200000000006,32,57,1.47,broken clouds
317,Neuquen,AR,-38.9516,-68.0591,58.891999999999996,18,75,3.6,broken clouds
318,Caravelas,BR,-17.7125,-39.2481,76.424,83,87,4.82,overcast clouds
319,Abdanan,IR,32.9926,47.4198,67.334,35,93,1.44,overcast clouds
320,Kavaratti,IN,10.5669,72.642,81.41000000000008,70,62,0.32,broken clouds
321,Muzhi,RU,65.3667,64.6667,30.36200000000006,94,100,5.23,overcast clouds
322,Sabha,LY,27.0377,14.4283,66.66800000000009,38,1,2.21,clear sky
323,Rognan,NO,67.0953,15.3878,43.05200000000008,88,100,2.37,overcast clouds
324,Ornskoldsvik,SE,63.2909,18.7153,31.154000000000053,93,75,1.54,broken clouds
325,Oksfjord,NO,70.2396,22.3479,42.98000000000004,95,100,5.91,light rain
326,Tandil,AR,-37.3217,-59.1332,52.682000000000016,35,100,8.17,overcast clouds
327,Lerwick,GB,60.1545,-1.1494,53.24000000000002,90,76,8.95,broken clouds
328,Salalah,OM,17.0151,54.0924,76.1,71,8,1.52,clear sky
329,San Andres,CO,12.5847,-81.7006,87.8180000000001,62,20,3.6,few clouds
330,Sakaraha,MG,-22.9,44.5333,75.65,59,34,2.0,scattered clouds
331,Shar,KZ,49.5886,81.0453,45.01400000000003,68,100,6.37,overcast clouds
332,Manta,EC,-0.95,-80.7333,74.4260000000001,73,90,5.58,overcast clouds
333,West Bay,KY,19.3667,-81.4167,87.87200000000004,70,20,5.66,few clouds
334,Peru,US,40.7537,-86.0689,63.518000000000086,76,100,3.46,overcast clouds
335,Pascagoula,US,30.3658,-88.5561,76.40600000000003,68,3,4.63,clear sky
336,Hoopstad,ZA,-27.8327,25.9083,66.45200000000008,65,74,1.44,broken clouds
337,Camargo,MX,27.6667,-105.1667,75.2,20,93,1.44,overcast clouds
338,Urumqi,CN,43.801,87.6005,32.95400000000005,60,0,2.0,clear sky
339,Baherden,TM,38.4362,57.4316,57.48800000000004,65,0,3.47,clear sky
340,Zhanaozen,KZ,43.3,52.8,52.30400000000006,73,82,4.27,broken clouds
341,Oliveira Dos Brejinhos,BR,-12.3169,-42.8961,76.65800000000002,70,98,1.15,overcast clouds
342,Dalkola,IN,25.85,87.85,70.12400000000002,76,0,1.47,clear sky
343,Mayahi,NE,13.9553,7.6712,80.51000000000008,16,0,4.32,clear sky
344,Dzilam Gonzalez,MX,21.2833,-88.9333,84.36200000000005,53,0,3.68,clear sky
345,Corn Island,NI,12.1694,-83.0418,82.85,69,64,3.93,broken clouds
346,Havre-Saint-Pierre,CA,50.2334,-63.5986,46.76000000000008,76,0,7.2,clear sky
347,Ous,RU,60.9058,61.5186,27.57200000000004,91,100,4.99,light snow
348,Conde,BR,-7.2597,-34.9075,80.06000000000009,69,20,5.14,few clouds
349,Medea,DZ,36.2642,2.7539,63.55400000000006,37,100,0.78,overcast clouds
350,Plettenberg Bay,ZA,-34.0527,23.3716,59.82800000000007,67,100,4.71,overcast clouds
351,Coihaique,CL,-45.5752,-72.0662,54.21200000000006,40,20,4.12,few clouds
352,Maxixe,MZ,-23.8597,35.3472,75.25400000000005,84,52,4.56,broken clouds
353,Rocha,UY,-34.4833,-54.3333,54.446000000000055,95,100,6.1,overcast clouds
354,Hambantota,LK,6.1241,81.1185,79.12400000000002,82,97,3.03,overcast clouds
355,Oistins,BB,13.0667,-59.5333,86.09000000000003,74,40,4.12,scattered clouds
356,Port-Gentil,GA,-0.7193,8.7815,80.56400000000004,89,40,4.12,scattered clouds
357,Sheopur,IN,25.6667,76.7,68.48600000000008,46,0,1.3,clear sky
358,Walvis Bay,NA,-22.9575,14.5053,63.55400000000006,77,99,1.03,overcast clouds
359,Marawi,PH,7.9986,124.2928,68.77400000000002,87,100,1.79,overcast clouds
360,Sturgeon Falls,CA,46.3646,-79.9326,60.76400000000004,65,82,3.17,broken clouds
361,Riyadh,SA,24.6877,46.7219,78.94400000000007,15,39,3.28,scattered clouds
362,Socond,RO,47.5667,22.95,54.17600000000009,87,100,0.51,overcast clouds
363,Great Yarmouth,GB,52.6083,1.7305,57.02000000000007,88,33,6.45,scattered clouds
364,Miraflores,MX,19.2167,-98.8083,75.97400000000002,59,64,1.02,moderate rain
365,Capim Grosso,BR,-11.3811,-40.0128,83.75,45,38,5.29,scattered clouds
366,Beyneu,KZ,45.3167,55.2,49.15400000000005,65,97,7.3,overcast clouds
367,Hornepayne,CA,49.2138,-84.7705,54.391999999999996,61,58,3.2,broken clouds
368,Kismayo,SO,-0.3582,42.5454,78.33200000000002,85,23,4.52,light rain
369,Salisbury,GB,51.0693,-1.7957,59.018000000000086,87,40,4.12,scattered clouds
370,Novo Mesto,SI,45.804,15.1689,49.658,81,13,0.81,few clouds
371,Dunmore Town,BS,25.5,-76.65,80.13200000000002,77,25,6.31,scattered clouds
372,Sarankhola,BD,22.3082,89.7897,69.40400000000005,80,0,1.81,clear sky
373,Turukhansk,RU,65.8167,87.9833,24.494000000000074,96,100,6.54,snow
374,Malmesbury,ZA,-33.4608,18.7271,57.776000000000096,79,0,3.56,clear sky
375,Port Blair,IN,11.6667,92.75,79.98800000000006,79,87,2.64,overcast clouds
376,Bela,IN,25.9333,81.9833,69.42200000000004,56,0,1.31,clear sky
377,Chillan,CL,-36.6066,-72.1034,65.82200000000003,25,0,9.72,clear sky
378,Harlingen,US,26.1906,-97.6961,82.49000000000002,35,9,2.28,clear sky
379,Mirabad,AF,30.4362,61.8383,65.75,46,59,4.16,broken clouds
380,Nurota,UZ,40.5614,65.6886,47.87600000000009,63,56,0.15,broken clouds
381,Adilcevaz,TR,38.8039,42.7342,49.04600000000005,43,0,2.98,clear sky
382,Vila Do Maio,CV,15.1333,-23.2167,79.26800000000009,79,28,5.95,scattered clouds
383,Key West,US,24.5557,-81.7826,84.99199999999999,74,3,4.92,clear sky
384,Inhambane,MZ,-23.865,35.3833,75.83000000000004,83,55,5.02,broken clouds
385,Mehriz,IR,31.5917,54.4318,59.504000000000055,36,71,0.36,broken clouds
386,Lubango,AO,-14.9172,13.4925,63.320000000000064,84,31,0.28,light rain
387,Burgeo,CA,47.6167,-57.6152,49.1,73,43,5.52,scattered clouds
388,Bhatkal,IN,13.9667,74.5667,77.9,61,11,2.59,few clouds
389,Maragogi,BR,-9.0122,-35.2225,76.78399999999999,74,52,3.73,broken clouds
390,Saquena,PE,-4.6667,-73.5167,85.74800000000002,61,97,0.62,overcast clouds
391,Maureni,RO,45.4039,21.5025,52.37600000000009,66,94,0.85,overcast clouds
392,Gorokhovets,RU,56.1947,42.7003,34.28600000000007,80,100,6.12,overcast clouds
393,Iquitos,PE,-3.7481,-73.2472,89.47400000000002,51,85,1.21,overcast clouds
394,Oranjemund,NA,-28.55,16.4333,58.80200000000008,88,50,6.26,scattered clouds
395,Udala,ES,43.0778,-2.5125,58.694000000000074,97,87,1.69,light rain
396,Praia Da Vitoria,PT,38.7333,-27.0667,59.75600000000003,72,85,8.04,overcast clouds
397,Raahe,FI,64.6833,24.4833,30.29000000000002,70,49,2.4,scattered clouds
398,Neustadt,DE,49.7117,12.0872,59.14400000000008,79,71,0.54,broken clouds
399,Corrente,BR,-3.7367,-43.3394,88.73600000000008,40,57,3.41,broken clouds
400,Loandjili,CG,-4.7561,11.8578,78.17000000000007,88,85,2.67,overcast clouds
401,Capinzal,BR,-27.3436,-51.6119,68.52200000000005,99,100,1.89,light rain
402,Butterworth,MY,5.3991,100.3638,82.34600000000006,87,40,5.14,heavy intensity rain
403,Buritis,BR,-15.6178,-46.4233,81.48200000000003,54,100,0.6,overcast clouds
404,Igarka,RU,67.4667,86.5833,26.15,96,100,6.06,snow
405,Allentown,US,40.6084,-75.4902,64.184,42,0,0.45,clear sky
406,Changji,CN,44.0167,87.3167,36.391999999999996,60,0,2.0,clear sky
407,Kalevala,RU,65.2,31.1667,29.156000000000027,82,49,5.35,scattered clouds
408,Belmonte,BR,-15.8631,-38.8828,76.87400000000002,82,29,4.54,scattered clouds
409,Saint-Georges,GD,12.0564,-61.7485,76.11800000000008,88,100,1.4,overcast clouds
410,Vryburg,ZA,-26.9566,24.7284,74.66000000000008,19,99,4.05,overcast clouds
411,Sorland,NO,67.667,12.6934,44.45600000000003,72,100,6.39,overcast clouds
412,Henties Bay,NA,-22.116,14.2845,60.36800000000009,81,83,2.73,broken clouds
413,Ferme-Neuve,CA,46.7001,-75.4493,52.10600000000003,61,1,2.64,clear sky
414,Ylivieska,FI,64.0833,24.55,38.31800000000008,89,29,1.04,scattered clouds
415,Usta Muhammad,PK,28.1794,68.0445,75.70400000000006,31,0,2.19,clear sky
416,Domoni,KM,-12.2569,44.5319,76.17200000000004,84,17,2.95,few clouds
417,Gulbarga,IN,17.3333,76.8333,64.88600000000008,69,2,3.38,clear sky
418,Ivanivka,UA,46.7208,34.553,49.604000000000056,84,4,4.49,clear sky
419,Karrapur,IN,23.95,78.85,63.733999999999995,52,0,0.49,clear sky
420,Rudnya,RU,54.947,31.0934,36.08600000000007,65,53,6.89,broken clouds
421,San Juan Del Sur,NI,11.2529,-85.8705,83.01200000000006,70,39,4.88,scattered clouds
422,Coquimbo,CL,-29.9533,-71.3436,62.33000000000004,72,100,5.14,overcast clouds
423,Moissac,FR,44.1024,1.0945,64.47200000000004,67,100,2.47,overcast clouds
424,Kyzyl-Suu,KG,42.3414,78.0056,43.12400000000001,61,98,2.24,overcast clouds
425,Mango,US,27.9797,-82.3065,89.25800000000001,62,0,1.79,clear sky
426,Bokoro,TD,12.3807,17.0568,86.18000000000004,20,100,5.48,overcast clouds
427,Santo Antonio Do Ica,BR,-3.1022,-67.9397,87.08000000000004,66,91,0.27,overcast clouds
428,Rodas,CU,22.3408,-80.5572,83.53399999999999,63,84,4.37,broken clouds
429,Varkkallai,IN,8.7341,76.7067,80.38399999999999,93,96,1.77,overcast clouds
430,Bereda,ES,43.2686,-7.5406,52.41200000000006,100,100,0.68,overcast clouds
431,Camacupa,AO,-12.0167,17.4833,62.780000000000044,85,81,0.67,broken clouds
432,Beboto,TD,8.2668,16.939,76.04600000000005,57,11,0.25,few clouds
433,Nara,JP,34.6851,135.8049,51.69199999999999,81,0,0.98,clear sky
434,Abay,KZ,49.6311,72.8539,34.17800000000007,95,100,6.59,light snow
435,Carnarvon,AU,-24.8667,113.6333,60.56600000000001,58,0,10.88,clear sky
436,Chapais,CA,49.7834,-74.8492,55.184,53,96,4.83,overcast clouds
437,Birao,CF,10.2849,22.7882,78.89000000000001,35,34,2.38,scattered clouds
438,Karasburg,NA,-28.0167,18.75,66.18200000000002,29,83,7.18,broken clouds
439,Gelibolu,TR,40.4103,26.6708,57.84800000000003,74,0,2.95,clear sky
440,Uray,RU,60.1247,64.7758,28.79600000000005,56,100,5.78,overcast clouds
441,Mojo,ET,8.6,39.1167,57.21800000000009,32,39,2.05,scattered clouds
442,Kamenka,RU,51.3223,42.7678,46.346000000000046,82,100,7.04,overcast clouds
443,Bardiyah,LY,31.7561,25.0865,66.97400000000002,70,15,3.78,light rain
444,Gasa,PS,31.5,34.4667,66.88399999999999,65,0,2.97,clear sky
445,Venice,US,27.0998,-82.4543,87.83600000000007,74,2,0.89,clear sky
446,Otjiwarongo,NA,-20.4637,16.6477,74.44400000000007,29,88,3.9,overcast clouds
447,Bolu,TR,40.6667,31.5833,46.688000000000045,51,1,1.21,clear sky
448,Tamandare,BR,-8.7597,-35.1047,77.27000000000007,73,26,3.91,scattered clouds
449,Remedios,CU,22.4947,-79.5458,81.35600000000002,74,7,4.02,clear sky
450,Caraballeda,VE,10.6112,-66.8522,84.27200000000005,65,100,3.6,overcast clouds
451,Kirando,TZ,-7.4167,30.6,79.08800000000005,57,96,1.26,overcast clouds
452,Espanola,US,35.9911,-106.0806,62.51000000000008,22,99,0.89,overcast clouds
453,Areado,BR,-21.3586,-46.1456,70.68200000000002,85,97,0.87,light rain
454,Male,MV,4.1748,73.5089,81.05000000000001,74,23,3.51,few clouds
455,Buenaventura,CO,3.8801,-77.0312,79.05200000000008,85,83,1.73,broken clouds
456,Gelemso,ET,8.8167,40.5167,59.63000000000004,29,5,1.4,clear sky
457,Port Said,EG,31.2565,32.2841,73.09400000000008,68,0,3.76,clear sky
458,Abreus,CU,22.2775,-80.5675,84.72200000000004,59,79,4.3,light rain
459,Talnakh,RU,69.4865,88.3972,20.21000000000008,95,100,6.46,light snow
460,Kudahuvadhoo,MV,2.6708,72.8944,80.56400000000004,77,18,4.18,few clouds
461,Ati,TD,13.2154,18.3353,87.60200000000009,18,100,6.65,overcast clouds
462,Constantine,DZ,36.365,6.6147,60.20600000000003,44,0,2.06,clear sky
463,Mocuba,MZ,-16.8392,36.9856,72.86000000000008,84,0,2.32,clear sky
464,Nigel,ZA,-26.4314,28.4771,66.2,60,81,1.87,broken clouds
465,Uusikaupunki,FI,60.8004,21.4084,43.71800000000009,72,39,3.54,scattered clouds
466,Inirida,CO,3.8653,-67.9239,82.00400000000005,82,100,1.03,overcast clouds
467,Pankovka,RU,58.5,31.1999,36.391999999999996,58,6,7.15,clear sky
468,Vestmanna,FO,62.1564,-7.1664,49.11800000000009,93,100,8.23,overcast clouds
469,Masvingo,ZW,-20.0637,30.8277,71.51000000000008,49,51,2.88,broken clouds
470,Djougou,BJ,9.7085,1.666,75.93800000000005,47,1,1.39,clear sky
471,Tanabi,BR,-20.6264,-49.6492,85.76600000000002,42,84,3.81,broken clouds
472,Savannah Bight,HN,16.45,-85.85,82.86800000000008,65,59,3.9,broken clouds
473,Yakovlevo,RU,50.8603,36.4478,48.45200000000008,76,100,7.91,overcast clouds
474,Ouadda,CF,8.0777,22.4007,74.22800000000007,50,24,1.55,few clouds
475,Kirovskiy,RU,45.0917,133.5136,32.61200000000006,67,94,2.6,overcast clouds
476,Barra Patuca,HN,15.8,-84.2833,83.40800000000002,69,8,4.2,clear sky
477,Mushie,CD,-3.0167,16.9,73.22000000000006,94,100,1.52,moderate rain
478,Abu Dhabi,AE,24.4667,54.3667,78.96200000000006,83,29,3.75,scattered clouds
479,Bonfim,BR,3.0833,-59.95,83.66000000000008,71,85,1.95,overcast clouds
480,Yalta,UA,44.5,34.1667,58.73000000000005,82,100,1.14,overcast clouds
481,Puerto Narino,CO,-3.7703,-70.3831,88.46600000000001,61,96,1.31,overcast clouds
482,Santa Ana,US,33.7456,-117.8678,88.934,43,0,1.79,clear sky
483,Ulagan,RU,50.6321,87.9563,29.462000000000057,52,100,0.75,overcast clouds
484,Nouadhibou,MR,20.931,-17.0347,72.15800000000002,69,100,6.31,overcast clouds
485,Doha,QA,25.2867,51.5333,82.38200000000002,69,0,0.51,clear sky
486,Verkhnyaya Inta,RU,65.9811,60.3094,21.11000000000008,87,17,3.21,few clouds
487,Sindor,RU,62.8629,51.8905,32.81000000000008,97,100,3.82,overcast clouds
488,Bodden Town,KY,19.2833,-81.25,86.0,67,10,4.02,clear sky
489,Arlit,NE,18.7369,7.3853,77.73800000000006,18,0,6.67,clear sky
490,Sept-Iles,CA,50.2001,-66.3821,49.04600000000005,76,84,1.34,broken clouds
491,Ponta Delgada,PT,37.7333,-25.6667,61.52000000000007,77,40,9.26,scattered clouds
492,Sao Sebastiao,BR,-23.76,-45.4097,75.29000000000002,89,96,2.02,overcast clouds
493,Sudak,UA,44.85,34.9667,57.75800000000001,80,100,2.52,overcast clouds
494,Belyy Yar,RU,53.6039,91.3903,10.291999999999994,85,0,2.0,clear sky
495,Goya,AR,-29.14,-59.2626,62.438000000000045,70,100,9.6,overcast clouds
496,Le Vauclin,MQ,14.5452,-60.8388,82.85,83,0,0.51,clear sky
497,Santa Marinella,IT,42.0345,11.8536,63.68000000000004,67,5,2.36,clear sky
498,Beinamar,TD,8.6698,15.3813,75.63200000000002,50,52,1.08,broken clouds
499,Kuytun,RU,54.3419,101.5036,21.128000000000064,77,21,1.2,few clouds
500,Nuuk,GL,64.1835,-51.7216,32.61200000000006,80,75,2.06,light snow
501,Pattoki,PK,31.0167,73.85,70.01600000000002,33,0,3.37,clear sky
502,Talara,PE,-4.5772,-81.2719,72.35600000000002,64,0,6.69,clear sky
503,Dori,BF,14.0354,-0.0345,83.51600000000002,17,0,3.94,clear sky
504,Araguaina,BR,-7.1911,-48.2072,88.37600000000009,44,100,1.16,overcast clouds
505,Takoradi,GH,4.8845,-1.7554,78.83600000000007,83,26,3.23,light rain
506,Kabompo,ZM,-13.5927,24.2008,66.36200000000005,71,49,1.56,scattered clouds
507,Newcastle,AU,-32.9272,151.7765,67.82000000000006,71,0,3.09,clear sky
508,Zomba,MW,-15.386,35.3188,71.15,64,0,1.88,clear sky
509,Mega,ET,4.05,38.3,60.674000000000014,80,9,2.89,clear sky
510,Bowmore,US,34.9421,-79.3031,67.91000000000008,63,100,2.06,overcast clouds
511,Jizan,SA,17.3333,42.6667,85.28000000000004,58,18,1.02,few clouds
512,Kuruman,ZA,-27.4524,23.4325,70.98800000000006,18,54,3.24,broken clouds
513,Lunenburg,CA,44.3835,-64.3155,59.0,60,0,2.5,clear sky
514,Sao Gabriel Da Cachoeira,BR,-0.1303,-67.0892,82.32800000000006,74,100,0.62,overcast clouds
515,Holland,US,42.7875,-86.1089,63.05,58,0,3.09,clear sky
516,Bilma,NE,18.6853,12.9164,73.63399999999999,24,0,4.72,clear sky
517,Iaciara,BR,-14.0958,-46.6317,80.79800000000003,55,96,1.67,overcast clouds
518,Marzuq,YE,14.4,46.4667,66.18200000000002,51,78,1.48,broken clouds
519,Divo,CI,5.8397,-5.36,73.81400000000004,96,68,1.11,broken clouds
520,Tessalit,ML,20.1986,1.0114,76.60400000000006,19,90,5.07,overcast clouds
521,Teguldet,RU,57.3064,88.1667,23.522000000000034,77,70,2.88,broken clouds
522,Bumba,CD,2.1833,22.4667,71.02400000000002,96,100,1.05,light rain
523,Watsa,CD,3.0372,29.5355,63.932000000000016,96,94,0.84,overcast clouds
524,Oum Hadjer,TD,13.2954,19.6966,85.83800000000005,21,78,4.66,broken clouds
525,Volta Redonda,BR,-22.5231,-44.1042,76.22600000000008,76,62,1.98,broken clouds
526,Djenne,ML,13.9061,-4.5533,83.37200000000004,15,46,3.69,scattered clouds
527,Rawson,AR,-43.3002,-65.1023,52.556000000000026,36,8,8.78,clear sky
528,Kambove,CD,-10.8764,26.5969,68.75600000000003,53,81,1.94,broken clouds
529,Juba,SS,4.8517,31.5825,73.47200000000004,76,76,2.69,broken clouds
530,Abrau-Dyurso,RU,44.69,37.59,56.66000000000008,89,100,6.79,moderate rain
531,Angoche,MZ,-16.2325,39.9086,77.558,82,0,3.75,clear sky
532,Umba,RU,66.6871,34.3429,31.76600000000001,83,17,5.99,few clouds
533,Chiredzi,ZW,-21.05,31.6667,76.22600000000008,48,42,2.67,scattered clouds
534,Sao Mateus,BR,-18.7161,-39.8589,76.19000000000003,83,95,5.44,overcast clouds
535,Cabras,IT,39.93,8.5314,63.320000000000064,82,91,2.84,overcast clouds
536,Bure,ET,10.7,37.0667,54.104000000000056,78,83,2.14,broken clouds
537,Upington,ZA,-28.4478,21.2561,69.17000000000007,25,36,5.75,scattered clouds
538,Ermelo,ZA,-26.5333,29.9833,60.08000000000004,76,100,3.3,light rain
539,Mattru,SL,7.6244,-11.8332,75.41600000000001,92,5,1.42,clear sky
540,San Lawrenz,MT,36.0553,14.204,65.858,77,0,2.06,clear sky
541,High Rock,BS,26.6208,-78.2833,78.8180000000001,74,4,7.57,clear sky
542,Naifaru,MV,5.4444,73.3657,80.65400000000005,72,32,3.74,scattered clouds
543,Colonial Park,US,40.3006,-76.8097,60.026000000000096,67,75,3.13,broken clouds
544,Sikasso,ML,10.9167,-7.0,76.44200000000001,35,0,1.48,clear sky
545,Bengkulu,ID,-3.8004,102.2655,74.2100000000001,90,99,1.93,light rain
546,Roald,NO,62.5833,6.1333,56.33600000000007,87,20,2.57,few clouds
547,Terra Santa,BR,-2.1042,-56.4869,92.71400000000003,37,100,1.57,overcast clouds
548,Valkeala,FI,60.9401,26.7979,36.30200000000008,80,0,4.63,clear sky
549,Udomlya,RU,57.8794,34.9925,32.21600000000001,69,99,7.9,overcast clouds
550,Vagur,FO,61.4732,-6.8119,50.57600000000009,92,76,11.13,broken clouds
551,Storforshei,NO,66.4043,14.5233,37.65200000000008,93,20,1.03,few clouds
552,Beni Suef,EG,29.0731,31.0979,70.23200000000003,54,0,4.18,clear sky
553,Kenitra,MA,34.261,-6.5802,61.556000000000026,62,95,1.46,overcast clouds
554,Frederico Westphalen,BR,-27.3592,-53.3944,64.43600000000006,99,100,0.77,light rain
555,Tamala,RU,52.541,43.2515,39.72200000000004,74,100,6.33,overcast clouds
556,Luga,RU,58.7372,29.8453,36.98600000000007,62,7,6.27,clear sky
557,Lethem,GY,3.3803,-59.7968,81.80600000000004,78,100,1.95,overcast clouds
558,Gurkovo,BG,42.6667,25.8,59.05400000000006,53,15,1.69,few clouds
559,Puerto Colombia,CO,10.9878,-74.9547,89.69000000000003,68,100,6.37,overcast clouds
560,Medvedka,RU,61.1629,46.387,36.5,98,100,2.51,overcast clouds
561,Shache,CN,38.4167,77.2406,48.14600000000005,34,33,1.02,scattered clouds
562,Ambilobe,MG,-13.2,49.05,72.44600000000005,75,49,2.46,scattered clouds
563,Rochegda,RU,62.8,43.25,36.68000000000004,91,99,2.66,overcast clouds
564,Paulo Afonso,BR,-9.4061,-38.2147,86.61200000000005,36,39,3.38,scattered clouds
565,Mbandaka,CD,0.0487,18.2603,75.84800000000003,83,98,1.37,overcast clouds
566,Thompson,CA,55.7435,-97.8558,40.658,66,100,3.79,overcast clouds
567,Syamzha,RU,60.0158,41.0614,31.712000000000057,95,100,1.48,light snow
568,Hofn,IS,64.2539,-15.2082,45.44600000000005,98,100,5.16,overcast clouds
569,Manakara,MG,-22.1333,48.0167,69.98000000000005,91,2,2.75,light rain
570,Bandarbeyla,SO,9.4942,50.8122,78.09800000000003,81,28,4.87,scattered clouds
571,Saint-Francois,FR,46.4154,3.9054,53.042,87,0,2.06,clear sky
572,Buraydah,SA,26.326,43.975,74.40800000000002,13,40,3.65,scattered clouds
573,Bad Doberan,DE,54.1071,11.9005,56.102000000000075,88,61,2.2,broken clouds
574,Kangaba,ML,11.9333,-8.4167,77.108,37,40,1.69,scattered clouds
575,Ostrogozhsk,RU,50.8664,39.0756,48.12800000000007,72,100,8.03,overcast clouds
576,Paso De Carrasco,UY,-34.8603,-56.0522,54.95,85,100,8.75,overcast clouds
577,Marsh Harbour,BS,26.5412,-77.0636,80.07800000000006,75,12,7.53,few clouds
578,Yarada,IN,17.65,83.2667,76.51400000000004,69,99,2.82,overcast clouds
579,Coruripe,BR,-10.1256,-36.1756,76.73000000000005,79,78,4.43,broken clouds
580,La Paz,BO,-16.5,-68.15,62.11400000000003,28,53,1.55,broken clouds
581,Tocopilla,CL,-22.092,-70.1979,64.77800000000008,62,21,2.45,few clouds
582,Tanout,NE,14.9709,8.8879,77.70200000000008,17,0,4.7,clear sky
583,Nikel,RU,69.4128,30.222,33.98000000000004,90,14,3.16,few clouds
584,Warrington,GB,53.3925,-2.5802,55.50800000000001,87,20,4.12,few clouds
585,Brigantine,US,39.4101,-74.3646,61.05200000000008,77,0,3.6,clear sky
586,Porto Walter,BR,-8.2686,-72.7439,88.66400000000004,54,100,1.29,overcast clouds
587,Akot,IN,21.0964,77.0586,67.40600000000003,60,0,2.98,clear sky
588,Majholi,IN,23.5,79.9167,62.16800000000009,61,0,0.92,clear sky
589,Mahanoro,MG,-19.9,48.8,69.15200000000007,89,0,1.85,clear sky
590,Cololaca,HN,14.3,-88.8833,79.808,67,90,0.1,overcast clouds
591,Saryagash,KZ,41.4511,69.1701,49.964000000000034,85,100,1.13,overcast clouds
592,Gayny,RU,60.3071,54.3241,33.530000000000044,97,100,4.39,light snow
593,Isla Mujeres,MX,21.2311,-86.731,86.16200000000006,65,0,3.51,clear sky
594,Bonthe,SL,7.5264,-12.505,78.80000000000001,85,19,2.92,light rain
595,Carballo,ES,43.213,-8.691,58.87400000000001,91,100,1.64,overcast clouds
596,Altrincham,GB,53.3875,-2.3485,55.13000000000004,87,24,3.6,few clouds
597,Buta,CD,2.7858,24.73,70.28600000000007,99,100,0.32,light rain
598,Alta Floresta,BR,-9.8756,-56.0861,86.82800000000006,56,95,0.48,overcast clouds
599,Shieli,KZ,44.1667,66.75,41.75600000000003,66,27,2.63,scattered clouds
600,Mayumba,GA,-3.432,10.6554,77.45,87,70,1.18,light rain
601,Kastamonu,TR,41.5,33.6667,44.33000000000004,67,7,0.9,clear sky
602,Nikki,BJ,9.9401,3.2108,76.62200000000004,42,0,1.71,clear sky
603,Arua,UG,3.0201,30.9111,63.158,89,99,0.87,light rain
604,Goryachegorsk,RU,55.4053,88.9154,21.074000000000012,73,86,2.99,overcast clouds
605,Inverness,GB,57.4791,-4.224,53.51000000000008,92,20,0.51,moderate rain
606,Senneterre,CA,48.3835,-77.2328,52.10600000000003,55,4,4.09,clear sky
607,Acari,PE,-15.4311,-74.6158,73.41800000000009,54,1,3.84,clear sky
608,Custoias,PT,41.1053,-7.321,58.13600000000007,74,90,1.44,overcast clouds
609,Frolovo,RU,49.7713,43.6622,50.39600000000005,79,90,7.63,overcast clouds
610,Almeirim,BR,-1.5233,-52.5817,85.51400000000004,59,97,0.89,overcast clouds
611,Opuwo,NA,-18.0607,13.84,76.83800000000005,30,82,2.03,broken clouds
612,Ratnagiri,IN,16.9833,73.3,74.03000000000004,55,0,3.41,clear sky
613,Manoharpur,IN,27.3,75.95,69.7100000000001,37,0,1.16,clear sky
614,Kralendijk,BQ,12.15,-68.2667,84.18200000000002,79,20,4.12,few clouds
615,Araxa,BR,-19.5933,-46.9406,71.47400000000002,74,89,1.27,overcast clouds
616,Mamallapuram,IN,12.6264,80.1722,80.65400000000005,88,100,4.35,overcast clouds
617,Beni Mazar,EG,28.4962,30.8029,71.02400000000002,40,0,3.17,clear sky
618,Bud,US,39.447,-86.1758,59.018000000000086,97,100,4.2,overcast clouds
619,Pilar,BR,-9.5972,-35.9567,75.12800000000007,78,33,3.08,scattered clouds
620,Dhidhdhoo,MV,6.8833,73.1,80.6,68,11,3.65,few clouds
621,Praia,CV,14.9215,-23.5087,79.34000000000003,78,0,8.23,clear sky
622,Darnah,LY,32.767,22.6367,67.06400000000004,70,0,3.6,clear sky
623,Arras,FR,50.293,2.7819,55.65200000000008,91,100,3.33,overcast clouds
624,Kholmogory,RU,64.2229,41.656,34.84400000000007,94,79,1.72,broken clouds
625,Deer Lake,CA,49.1667,-57.4316,45.608000000000004,80,6,4.68,clear sky
626,Boende,CD,-0.2167,20.8667,71.02400000000002,97,96,1.12,overcast clouds
627,Le Pradet,FR,43.1066,6.0172,65.62400000000002,84,99,1.54,overcast clouds
628,Colesberg,ZA,-30.72,25.0972,54.986000000000075,62,78,14.32,broken clouds
629,Pedasi,PA,7.5333,-80.0333,81.0680000000001,74,88,2.6,overcast clouds
630,Ovalle,CL,-30.5983,-71.2003,72.80600000000004,41,0,3.46,clear sky
631,Pangoa,PE,-12.1167,-73.0,76.71200000000006,90,29,1.22,scattered clouds
632,Chingirlau,KZ,51.095,54.0814,43.141999999999996,89,100,11.26,light rain
633,Raniganj,IN,23.6167,87.1333,70.30400000000006,70,2,2.07,clear sky
634,Maniitsoq,GL,65.4167,-52.9,25.988000000000046,68,96,2.68,overcast clouds
635,Adeje,ES,28.1227,-16.726,73.09400000000008,66,20,3.09,few clouds
636,Dawlatabad,AF,36.4141,64.9053,56.75,64,82,2.71,broken clouds
637,Staryy Nadym,RU,65.6118,72.6842,24.8,91,98,7.33,overcast clouds
638,Grand-Lahou,CI,5.1367,-5.0242,77.9,88,67,3.37,light rain
639,Ust-Tsilma,RU,65.441,52.1498,33.78200000000002,92,99,3.16,overcast clouds
640,Envira,BR,-7.3,-70.2167,85.37000000000006,63,96,1.24,overcast clouds
641,Hendrina,ZA,-26.1588,29.7153,63.12200000000004,63,78,2.33,light rain
642,Mozarlandia,BR,-14.7447,-50.5706,87.584,46,52,2.94,broken clouds
643,Mwinilunga,ZM,-11.7358,24.4293,63.87800000000007,79,82,0.79,broken clouds
644,Abdulino,RU,53.7,53.6667,40.820000000000064,94,100,8.56,overcast clouds
645,Carauari,BR,-4.8828,-66.8958,86.64800000000002,65,95,1.59,overcast clouds
646,Carmen,MX,18.6333,-91.8333,81.82400000000001,65,7,3.0,clear sky
647,Tabas,IR,33.5959,56.9244,67.28000000000004,36,67,1.06,broken clouds
648,Iskateley,RU,67.6803,53.1512,34.17800000000007,93,100,6.05,overcast clouds
649,Amapa,BR,1.0,-52.0,83.71400000000003,59,100,1.68,overcast clouds
650,Disna,BY,55.568,28.1971,38.588000000000044,66,43,5.34,scattered clouds
651,Mahibadhoo,MV,3.7833,72.9667,81.12200000000004,74,31,3.46,scattered clouds
652,Plesetsk,RU,62.708,40.2916,32.702000000000076,87,96,2.95,overcast clouds
653,San Ramon,US,37.7799,-121.978,77.43200000000002,48,0,3.09,clear sky
654,Namestovo,SK,49.4079,19.4803,52.62800000000007,79,27,1.8,scattered clouds
655,Mumford,GH,5.2618,-0.759,79.16000000000008,84,0,3.6,light rain
656,Andenes,NO,69.3143,16.1194,41.93600000000007,93,100,5.14,drizzle
657,Trairi,BR,-3.2778,-39.2689,79.46600000000001,68,5,4.74,clear sky
658,Coihueco,CL,-36.6167,-71.8333,59.73800000000004,39,0,11.32,clear sky
659,Athy,IE,52.9914,-6.9803,55.400000000000006,89,13,6.28,few clouds
660,Santo Amaro Da Imperatriz,BR,-27.6881,-48.7786,81.64400000000008,46,95,0.8,overcast clouds
661,Port Hawkesbury,CA,45.6169,-61.3485,52.97000000000006,82,3,2.24,clear sky
662,Novyy Urengoy,RU,66.0833,76.6333,25.124000000000013,91,100,6.68,overcast clouds
663,Chimbote,PE,-9.0853,-78.5783,65.87600000000009,76,64,5.28,broken clouds
664,Umm Lajj,SA,25.0213,37.2685,79.55600000000004,62,94,0.84,overcast clouds
665,Otjimbingwe,NA,-22.35,16.1333,76.06400000000004,22,45,3.23,scattered clouds
666,Limulunga,ZM,-15.0969,23.1376,75.75800000000001,48,98,3.59,overcast clouds
667,Ambikapur,IN,23.1167,83.2,58.87400000000001,77,0,1.15,clear sky
668,Puerto Ayora,EC,-0.7393,-90.3518,65.55200000000008,98,98,3.58,overcast clouds
669,Dwarka,IN,22.2394,68.9678,80.45600000000003,69,0,5.78,clear sky
670,Channarayapatna,IN,12.9044,76.3917,66.21800000000009,87,94,3.23,overcast clouds
671,Pauini,BR,-7.7136,-66.9764,88.16000000000008,55,76,0.89,broken clouds
672,Valparaiso,CL,-33.0393,-71.6273,65.84000000000003,56,0,7.72,clear sky
673,Mineros,BO,-17.1167,-63.2333,88.77200000000005,51,73,6.61,broken clouds
674,Havelock,US,34.8791,-76.9013,66.99199999999999,83,75,3.6,broken clouds
675,Umarkot,PK,25.3616,69.7362,77.88200000000002,43,0,3.85,clear sky
676,Saint-Augustin,CA,51.226,-58.6502,47.570000000000064,51,5,6.19,clear sky
677,Mayor Pablo Lagerenza,PY,-19.9309,-60.7718,102.79400000000008,24,4,6.82,clear sky
678,Conceicao Do Araguaia,BR,-8.2578,-49.2647,81.32000000000006,67,84,2.1,broken clouds
679,Eyl,SO,7.9803,49.8164,77.46800000000009,81,43,3.87,scattered clouds
680,Vallenar,CL,-28.5708,-70.7581,74.89400000000008,34,4,4.01,clear sky
681,Mendoza,AR,-32.8908,-68.8272,58.78399999999999,17,43,8.09,scattered clouds
682,Valer,NO,60.6785,11.8331,45.89600000000005,97,34,1.21,scattered clouds
683,Santa Cruz De La Palma,ES,28.6835,-17.7642,73.54400000000007,83,75,4.12,broken clouds
684,Pachperwa,IN,27.5167,82.65,67.58600000000007,72,0,1.84,clear sky
685,Cabedelo,BR,-6.9811,-34.8339,81.26600000000002,73,92,5.85,overcast clouds
686,Kindu,CD,-2.95,25.95,70.142,100,100,0.68,moderate rain
687,Odweyne,SO,9.4092,45.064,71.07800000000006,27,5,5.27,clear sky
688,Nicoya,CR,10.1483,-85.452,84.83000000000004,66,88,0.92,overcast clouds
689,Laurel,US,39.0993,-76.8483,63.42800000000007,65,0,4.12,clear sky
690,Maarianhamina,AX,60.0973,19.9348,31.85600000000003,93,0,1.03,clear sky
691,Candolim,IN,15.5181,73.7626,76.53200000000001,56,22,3.11,few clouds
692,Jacareacanga,BR,-6.2222,-57.7528,94.316,37,46,0.31,scattered clouds
693,Olavarria,AR,-36.8927,-60.3225,52.016000000000005,65,59,8.17,broken clouds
694,Baneh,IR,35.9975,45.8853,52.196000000000055,30,41,2.71,scattered clouds
695,Kolondieba,ML,11.0882,-6.8926,76.01000000000008,34,0,1.66,clear sky
696,Pescia,IT,43.897,10.6904,63.446000000000055,69,9,4.47,clear sky
697,Peniche,PT,39.3558,-9.3811,62.294000000000075,92,100,1.58,overcast clouds
